SET NAMES utf8mb4;

#region: PROVINCES

INSERT INTO capstone.provinces (id, created_at, updated_at, code_name, full_name, full_name_en, name, name_en)
VALUES (1, '2023-03-17 06:05:58.210057', '2023-03-17 06:05:58.210057', 'ha_noi', 'Thành phố Hà Nội', 'Ha Noi City',
        'Hà Nội', 'Ha Noi'),
       (2, '2023-03-17 06:05:58.210057', '2023-03-17 06:05:58.210057', 'ha_giang', 'Tỉnh Hà Giang', 'Ha Giang Province',
        'Hà Giang', 'Ha Giang'),
       (4, '2023-03-17 06:05:58.227692', '2023-03-17 06:05:58.227692', 'cao_bang', 'Tỉnh Cao Bằng', 'Cao Bang Province',
        'Cao Bằng', 'Cao Bang'),
       (6, '2023-03-17 06:05:58.227692', '2023-03-17 06:05:58.227692', 'bac_kan', 'Tỉnh Bắc Kạn', 'Bac Kan Province',
        'Bắc Kạn', 'Bac Kan'),
       (8, '2023-03-17 06:05:58.227692', '2023-03-17 06:05:58.227692', 'tuyen_quang', 'Tỉnh Tuyên Quang',
        'Tuyen Quang Province', 'Tuyên Quang', 'Tuyen Quang'),
       (10, '2023-03-17 06:05:58.227692', '2023-03-17 06:05:58.227692', 'lao_cai', 'Tỉnh Lào Cai', 'Lao Cai Province',
        'Lào Cai', 'Lao Cai'),
       (11, '2023-03-17 06:05:58.227692', '2023-03-17 06:05:58.227692', 'dien_bien', 'Tỉnh Điện Biên',
        'Dien Bien Province', 'Điện Biên', 'Dien Bien'),
       (12, '2023-03-17 06:05:58.237612', '2023-03-17 06:05:58.237612', 'lai_chau', 'Tỉnh Lai Châu',
        'Lai Chau Province', 'Lai Châu', 'Lai Chau'),
       (14, '2023-03-17 06:05:58.237612', '2023-03-17 06:05:58.237612', 'son_la', 'Tỉnh Sơn La', 'Son La Province',
        'Sơn La', 'Son La'),
       (15, '2023-03-17 06:05:58.237612', '2023-03-17 06:05:58.237612', 'yen_bai', 'Tỉnh Yên Bái', 'Yen Bai Province',
        'Yên Bái', 'Yen Bai'),
       (17, '2023-03-17 06:05:58.237612', '2023-03-17 06:05:58.237612', 'hoa_binh', 'Tỉnh Hoà Bình',
        'Hoa Binh Province', 'Hoà Bình', 'Hoa Binh'),
       (19, '2023-03-17 06:05:58.227692', '2023-03-17 06:05:58.227692', 'thai_nguyen', 'Tỉnh Thái Nguyên',
        'Thai Nguyen Province', 'Thái Nguyên', 'Thai Nguyen'),
       (20, '2023-03-17 06:05:58.227692', '2023-03-17 06:05:58.227692', 'lang_son', 'Tỉnh Lạng Sơn',
        'Lang Son Province', 'Lạng Sơn', 'Lang Son'),
       (22, '2023-03-17 06:05:58.227692', '2023-03-17 06:05:58.227692', 'quang_ninh', 'Tỉnh Quảng Ninh',
        'Quang Ninh Province', 'Quảng Ninh', 'Quang Ninh'),
       (24, '2023-03-17 06:05:58.227692', '2023-03-17 06:05:58.227692', 'bac_giang', 'Tỉnh Bắc Giang',
        'Bac Giang Province', 'Bắc Giang', 'Bac Giang'),
       (25, '2023-03-17 06:05:58.227692', '2023-03-17 06:05:58.227692', 'phu_tho', 'Tỉnh Phú Thọ', 'Phu Tho Province',
        'Phú Thọ', 'Phu Tho'),
       (26, '2023-03-17 06:05:58.210057', '2023-03-17 06:05:58.210057', 'vinh_phuc', 'Tỉnh Vĩnh Phúc',
        'Vinh Phuc Province', 'Vĩnh Phúc', 'Vinh Phuc'),
       (27, '2023-03-17 06:05:58.210057', '2023-03-17 06:05:58.210057', 'bac_ninh', 'Tỉnh Bắc Ninh',
        'Bac Ninh Province', 'Bắc Ninh', 'Bac Ninh'),
       (30, '2023-03-17 06:05:58.210057', '2023-03-17 06:05:58.210057', 'hai_duong', 'Tỉnh Hải Dương',
        'Hai Duong Province', 'Hải Dương', 'Hai Duong'),
       (31, '2023-03-17 06:05:58.210057', '2023-03-17 06:05:58.210057', 'hai_phong', 'Thành phố Hải Phòng',
        'Hai Phong City', 'Hải Phòng', 'Hai Phong'),
       (33, '2023-03-17 06:05:58.210057', '2023-03-17 06:05:58.210057', 'hung_yen', 'Tỉnh Hưng Yên',
        'Hung Yen Province', 'Hưng Yên', 'Hung Yen'),
       (34, '2023-03-17 06:05:58.210057', '2023-03-17 06:05:58.210057', 'thai_binh', 'Tỉnh Thái Bình',
        'Thai Binh Province', 'Thái Bình', 'Thai Binh'),
       (35, '2023-03-17 06:05:58.210057', '2023-03-17 06:05:58.210057', 'ha_nam', 'Tỉnh Hà Nam', 'Ha Nam Province',
        'Hà Nam', 'Ha Nam'),
       (36, '2023-03-17 06:05:58.247076', '2023-03-17 06:05:58.247076', 'nam_dinh', 'Tỉnh Nam Định',
        'Nam Dinh Province', 'Nam Định', 'Nam Dinh'),
       (37, '2023-03-17 06:05:58.247076', '2023-03-17 06:05:58.247076', 'ninh_binh', 'Tỉnh Ninh Bình',
        'Ninh Binh Province', 'Ninh Bình', 'Ninh Binh'),
       (38, '2023-03-17 06:05:58.247076', '2023-03-17 06:05:58.247076', 'thanh_hoa', 'Tỉnh Thanh Hóa',
        'Thanh Hoa Province', 'Thanh Hóa', 'Thanh Hoa'),
       (40, '2023-03-17 06:05:58.247076', '2023-03-17 06:05:58.247076', 'nghe_an', 'Tỉnh Nghệ An', 'Nghe An Province',
        'Nghệ An', 'Nghe An'),
       (42, '2023-03-17 06:05:58.247076', '2023-03-17 06:05:58.247076', 'ha_tinh', 'Tỉnh Hà Tĩnh', 'Ha Tinh Province',
        'Hà Tĩnh', 'Ha Tinh'),
       (44, '2023-03-17 06:05:58.247076', '2023-03-17 06:05:58.247076', 'quang_binh', 'Tỉnh Quảng Bình',
        'Quang Binh Province', 'Quảng Bình', 'Quang Binh'),
       (45, '2023-03-17 06:05:58.247076', '2023-03-17 06:05:58.247076', 'quang_tri', 'Tỉnh Quảng Trị',
        'Quang Tri Province', 'Quảng Trị', 'Quang Tri'),
       (46, '2023-03-17 06:05:58.247076', '2023-03-17 06:05:58.247076', 'thua_thien_hue', 'Tỉnh Thừa Thiên Huế',
        'Thua Thien Hue Province', 'Thừa Thiên Huế', 'Thua Thien Hue'),
       (48, '2023-03-17 06:05:58.247076', '2023-03-17 06:05:58.247076', 'da_nang', 'Thành phố Đà Nẵng', 'Da Nang City',
        'Đà Nẵng', 'Da Nang'),
       (49, '2023-03-17 06:05:58.247076', '2023-03-17 06:05:58.247076', 'quang_nam', 'Tỉnh Quảng Nam',
        'Quang Nam Province', 'Quảng Nam', 'Quang Nam'),
       (51, '2023-03-17 06:05:58.255597', '2023-03-17 06:05:58.255597', 'quang_ngai', 'Tỉnh Quảng Ngãi',
        'Quang Ngai Province', 'Quảng Ngãi', 'Quang Ngai'),
       (52, '2023-03-17 06:05:58.255597', '2023-03-17 06:05:58.255597', 'binh_dinh', 'Tỉnh Bình Định',
        'Binh Dinh Province', 'Bình Định', 'Binh Dinh'),
       (54, '2023-03-17 06:05:58.255597', '2023-03-17 06:05:58.255597', 'phu_yen', 'Tỉnh Phú Yên', 'Phu Yen Province',
        'Phú Yên', 'Phu Yen'),
       (56, '2023-03-17 06:05:58.255597', '2023-03-17 06:05:58.255597', 'khanh_hoa', 'Tỉnh Khánh Hòa',
        'Khanh Hoa Province', 'Khánh Hòa', 'Khanh Hoa'),
       (58, '2023-03-17 06:05:58.255597', '2023-03-17 06:05:58.255597', 'ninh_thuan', 'Tỉnh Ninh Thuận',
        'Ninh Thuan Province', 'Ninh Thuận', 'Ninh Thuan'),
       (60, '2023-03-17 06:05:58.255597', '2023-03-17 06:05:58.255597', 'binh_thuan', 'Tỉnh Bình Thuận',
        'Binh Thuan Province', 'Bình Thuận', 'Binh Thuan'),
       (62, '2023-03-17 06:05:58.255597', '2023-03-17 06:05:58.255597', 'kon_tum', 'Tỉnh Kon Tum', 'Kon Tum Province',
        'Kon Tum', 'Kon Tum'),
       (64, '2023-03-17 06:05:58.255597', '2023-03-17 06:05:58.255597', 'gia_lai', 'Tỉnh Gia Lai', 'Gia Lai Province',
        'Gia Lai', 'Gia Lai'),
       (66, '2023-03-17 06:05:58.255597', '2023-03-17 06:05:58.255597', 'dak_lak', 'Tỉnh Đắk Lắk', 'Dak Lak Province',
        'Đắk Lắk', 'Dak Lak'),
       (67, '2023-03-17 06:05:58.255597', '2023-03-17 06:05:58.255597', 'dak_nong', 'Tỉnh Đắk Nông',
        'Dak Nong Province', 'Đắk Nông', 'Dak Nong'),
       (68, '2023-03-17 06:05:58.269073', '2023-03-17 06:05:58.269073', 'lam_dong', 'Tỉnh Lâm Đồng',
        'Lam Dong Province', 'Lâm Đồng', 'Lam Dong'),
       (70, '2023-03-17 06:05:58.237612', '2023-03-17 06:05:58.237612', 'binh_phuoc', 'Tỉnh Bình Phước',
        'Binh Phuoc Province', 'Bình Phước', 'Binh Phuoc'),
       (72, '2023-03-17 06:05:58.237612', '2023-03-17 06:05:58.237612', 'tay_ninh', 'Tỉnh Tây Ninh',
        'Tay Ninh Province', 'Tây Ninh', 'Tay Ninh'),
       (74, '2023-03-17 06:05:58.237612', '2023-03-17 06:05:58.237612', 'binh_duong', 'Tỉnh Bình Dương',
        'Binh Duong Province', 'Bình Dương', 'Binh Duong'),
       (75, '2023-03-17 06:05:58.237612', '2023-03-17 06:05:58.237612', 'dong_nai', 'Tỉnh Đồng Nai',
        'Dong Nai Province', 'Đồng Nai', 'Dong Nai'),
       (77, '2023-03-17 06:05:58.237612', '2023-03-17 06:05:58.237612', 'ba_ria_vung_tau', 'Tỉnh Bà Rịa - Vũng Tàu',
        'Ba Ria - Vung Tau Province', 'Bà Rịa - Vũng Tàu', 'Ba Ria - Vung Tau'),
       (79, '2023-03-17 06:05:58.237612', '2023-03-17 06:05:58.237612', 'ho_chi_minh', 'Thành phố Hồ Chí Minh',
        'Ho Chi Minh City', 'Hồ Chí Minh', 'Ho Chi Minh'),
       (80, '2023-03-17 06:05:58.269073', '2023-03-17 06:05:58.269073', 'long_an', 'Tỉnh Long An', 'Long An Province',
        'Long An', 'Long An'),
       (82, '2023-03-17 06:05:58.269073', '2023-03-17 06:05:58.269073', 'tien_giang', 'Tỉnh Tiền Giang',
        'Tien Giang Province', 'Tiền Giang', 'Tien Giang'),
       (83, '2023-03-17 06:05:58.269073', '2023-03-17 06:05:58.269073', 'ben_tre', 'Tỉnh Bến Tre', 'Ben Tre Province',
        'Bến Tre', 'Ben Tre'),
       (84, '2023-03-17 06:05:58.269073', '2023-03-17 06:05:58.269073', 'tra_vinh', 'Tỉnh Trà Vinh',
        'Tra Vinh Province', 'Trà Vinh', 'Tra Vinh'),
       (86, '2023-03-17 06:05:58.269073', '2023-03-17 06:05:58.269073', 'vinh_long', 'Tỉnh Vĩnh Long',
        'Vinh Long Province', 'Vĩnh Long', 'Vinh Long'),
       (87, '2023-03-17 06:05:58.269073', '2023-03-17 06:05:58.269073', 'dong_thap', 'Tỉnh Đồng Tháp',
        'Dong Thap Province', 'Đồng Tháp', 'Dong Thap'),
       (89, '2023-03-17 06:05:58.269073', '2023-03-17 06:05:58.269073', 'an_giang', 'Tỉnh An Giang',
        'An Giang Province', 'An Giang', 'An Giang'),
       (91, '2023-03-17 06:05:58.269073', '2023-03-17 06:05:58.269073', 'kien_giang', 'Tỉnh Kiên Giang',
        'Kien Giang Province', 'Kiên Giang', 'Kien Giang'),
       (92, '2023-03-17 06:05:58.269073', '2023-03-17 06:05:58.269073', 'can_tho', 'Thành phố Cần Thơ', 'Can Tho City',
        'Cần Thơ', 'Can Tho'),
       (93, '2023-03-17 06:05:58.287352', '2023-03-17 06:05:58.287352', 'hau_giang', 'Tỉnh Hậu Giang',
        'Hau Giang Province', 'Hậu Giang', 'Hau Giang'),
       (94, '2023-03-17 06:05:58.287352', '2023-03-17 06:05:58.287352', 'soc_trang', 'Tỉnh Sóc Trăng',
        'Soc Trang Province', 'Sóc Trăng', 'Soc Trang'),
       (95, '2023-03-17 06:05:58.287352', '2023-03-17 06:05:58.287352', 'bac_lieu', 'Tỉnh Bạc Liêu',
        'Bac Lieu Province', 'Bạc Liêu', 'Bac Lieu'),
       (96, '2023-03-17 06:05:58.210057', '2023-03-17 06:05:58.210057', 'ca_mau', 'Tỉnh Cà Mau', 'Ca Mau Province',
        'Cà Mau', 'Ca Mau');

#region: DISTRICT

INSERT INTO capstone.districts (id, created_at, updated_at, code_name, full_name, full_name_en, name, name_en,
                                province_id)
VALUES (1, '2023-03-17 06:09:41.526855', '2023-03-17 06:09:41.526855', 'ba_dinh', 'Quận Ba Đình', 'Ba Dinh District',
        'Ba Đình', 'Ba Dinh', 1),
       (2, '2023-03-17 06:09:41.526855', '2023-03-17 06:09:41.526855', 'hoan_kiem', 'Quận Hoàn Kiếm',
        'Hoan Kiem District', 'Hoàn Kiếm', 'Hoan Kiem', 1),
       (3, '2023-03-17 06:09:41.526855', '2023-03-17 06:09:41.526855', 'tay_ho', 'Quận Tây Hồ', 'Tay Ho District',
        'Tây Hồ', 'Tay Ho', 1),
       (4, '2023-03-17 06:09:41.526855', '2023-03-17 06:09:41.526855', 'long_bien', 'Quận Long Biên',
        'Long Bien District', 'Long Biên', 'Long Bien', 1),
       (5, '2023-03-17 06:09:41.526855', '2023-03-17 06:09:41.526855', 'cau_giay', 'Quận Cầu Giấy', 'Cau Giay District',
        'Cầu Giấy', 'Cau Giay', 1),
       (6, '2023-03-17 06:09:41.526855', '2023-03-17 06:09:41.526855', 'dong_da', 'Quận Đống Đa', 'Dong Da District',
        'Đống Đa', 'Dong Da', 1),
       (7, '2023-03-17 06:09:41.526855', '2023-03-17 06:09:41.526855', 'hai_ba_trung', 'Quận Hai Bà Trưng',
        'Hai Ba Trung District', 'Hai Bà Trưng', 'Hai Ba Trung', 1),
       (8, '2023-03-17 06:09:41.526855', '2023-03-17 06:09:41.526855', 'hoang_mai', 'Quận Hoàng Mai',
        'Hoang Mai District', 'Hoàng Mai', 'Hoang Mai', 1),
       (9, '2023-03-17 06:09:41.526855', '2023-03-17 06:09:41.526855', 'thanh_xuan', 'Quận Thanh Xuân',
        'Thanh Xuan District', 'Thanh Xuân', 'Thanh Xuan', 1),
       (16, '2023-03-17 06:09:41.546588', '2023-03-17 06:09:41.546588', 'soc_son', 'Huyện Sóc Sơn', 'Soc Son District',
        'Sóc Sơn', 'Soc Son', 1),
       (17, '2023-03-17 06:09:41.546588', '2023-03-17 06:09:41.546588', 'dong_anh', 'Huyện Đông Anh',
        'Dong Anh District', 'Đông Anh', 'Dong Anh', 1),
       (18, '2023-03-17 06:09:41.546588', '2023-03-17 06:09:41.546588', 'gia_lam', 'Huyện Gia Lâm', 'Gia Lam District',
        'Gia Lâm', 'Gia Lam', 1),
       (19, '2023-03-17 06:09:41.546588', '2023-03-17 06:09:41.546588', 'nam_tu_liem', 'Quận Nam Từ Liêm',
        'Nam Tu Liem District', 'Nam Từ Liêm', 'Nam Tu Liem', 1),
       (20, '2023-03-17 06:09:41.546588', '2023-03-17 06:09:41.546588', 'thanh_tri', 'Huyện Thanh Trì',
        'Thanh Tri District', 'Thanh Trì', 'Thanh Tri', 1),
       (21, '2023-03-17 06:09:41.546588', '2023-03-17 06:09:41.546588', 'bac_tu_liem', 'Quận Bắc Từ Liêm',
        'Bac Tu Liem District', 'Bắc Từ Liêm', 'Bac Tu Liem', 1),
       (24, '2023-03-17 06:09:41.575570', '2023-03-17 06:09:41.575570', 'ha_giang', 'Thành phố Hà Giang',
        'Ha Giang City', 'Hà Giang', 'Ha Giang', 2),
       (26, '2023-03-17 06:09:41.575570', '2023-03-17 06:09:41.575570', 'dong_van', 'Huyện Đồng Văn',
        'Dong Van District', 'Đồng Văn', 'Dong Van', 2),
       (27, '2023-03-17 06:09:41.575570', '2023-03-17 06:09:41.575570', 'meo_vac', 'Huyện Mèo Vạc', 'Meo Vac District',
        'Mèo Vạc', 'Meo Vac', 2),
       (28, '2023-03-17 06:09:41.575570', '2023-03-17 06:09:41.575570', 'yen_minh', 'Huyện Yên Minh',
        'Yen Minh District', 'Yên Minh', 'Yen Minh', 2),
       (29, '2023-03-17 06:09:41.575570', '2023-03-17 06:09:41.575570', 'quan_ba', 'Huyện Quản Bạ', 'Quan Ba District',
        'Quản Bạ', 'Quan Ba', 2),
       (30, '2023-03-17 06:09:41.575570', '2023-03-17 06:09:41.575570', 'vi_xuyen', 'Huyện Vị Xuyên',
        'Vi Xuyen District', 'Vị Xuyên', 'Vi Xuyen', 2),
       (31, '2023-03-17 06:09:41.575570', '2023-03-17 06:09:41.575570', 'bac_me', 'Huyện Bắc Mê', 'Bac Me District',
        'Bắc Mê', 'Bac Me', 2),
       (32, '2023-03-17 06:09:41.575570', '2023-03-17 06:09:41.575570', 'hoang_su_phi', 'Huyện Hoàng Su Phì',
        'Hoang Su Phi District', 'Hoàng Su Phì', 'Hoang Su Phi', 2),
       (33, '2023-03-17 06:09:41.575570', '2023-03-17 06:09:41.575570', 'xin_man', 'Huyện Xín Mần', 'Xin Man District',
        'Xín Mần', 'Xin Man', 2),
       (34, '2023-03-17 06:09:41.590947', '2023-03-17 06:09:41.590947', 'bac_quang', 'Huyện Bắc Quang',
        'Bac Quang District', 'Bắc Quang', 'Bac Quang', 2),
       (35, '2023-03-17 06:09:41.590947', '2023-03-17 06:09:41.590947', 'quang_binh', 'Huyện Quang Bình',
        'Quang Binh District', 'Quang Bình', 'Quang Binh', 2),
       (40, '2023-03-17 06:09:41.590947', '2023-03-17 06:09:41.590947', 'cao_bang', 'Thành phố Cao Bằng',
        'Cao Bang City', 'Cao Bằng', 'Cao Bang', 4),
       (42, '2023-03-17 06:09:41.590947', '2023-03-17 06:09:41.590947', 'bao_lam', 'Huyện Bảo Lâm', 'Bao Lam District',
        'Bảo Lâm', 'Bao Lam', 4),
       (43, '2023-03-17 06:09:41.590947', '2023-03-17 06:09:41.590947', 'bao_lac', 'Huyện Bảo Lạc', 'Bao Lac District',
        'Bảo Lạc', 'Bao Lac', 4),
       (45, '2023-03-17 06:09:41.590947', '2023-03-17 06:09:41.590947', 'ha_quang', 'Huyện Hà Quảng',
        'Ha Quang District', 'Hà Quảng', 'Ha Quang', 4),
       (47, '2023-03-17 06:09:41.590947', '2023-03-17 06:09:41.590947', 'trung_khanh', 'Huyện Trùng Khánh',
        'Trung Khanh District', 'Trùng Khánh', 'Trung Khanh', 4),
       (48, '2023-03-17 06:09:41.590947', '2023-03-17 06:09:41.590947', 'ha_lang', 'Huyện Hạ Lang', 'Ha Lang District',
        'Hạ Lang', 'Ha Lang', 4),
       (49, '2023-03-17 06:09:41.590947', '2023-03-17 06:09:41.590947', 'quang_hoa', 'Huyện Quảng Hòa',
        'Quang Hoa District', 'Quảng Hòa', 'Quang Hoa', 4),
       (51, '2023-03-17 06:09:41.590947', '2023-03-17 06:09:41.590947', 'hoa_an', 'Huyện Hoà An', 'Hoa An District',
        'Hoà An', 'Hoa An', 4),
       (52, '2023-03-17 06:09:41.610417', '2023-03-17 06:09:41.610417', 'nguyen_binh', 'Huyện Nguyên Bình',
        'Nguyen Binh District', 'Nguyên Bình', 'Nguyen Binh', 4),
       (53, '2023-03-17 06:09:41.610417', '2023-03-17 06:09:41.610417', 'thach_an', 'Huyện Thạch An',
        'Thach An District', 'Thạch An', 'Thach An', 4),
       (58, '2023-03-17 06:09:41.610417', '2023-03-17 06:09:41.610417', 'bac_kan', 'Thành phố Bắc Kạn', 'Bac Kan City',
        'Bắc Kạn', 'Bac Kan', 6),
       (60, '2023-03-17 06:09:41.610417', '2023-03-17 06:09:41.610417', 'pac_nam', 'Huyện Pác Nặm', 'Pac Nam District',
        'Pác Nặm', 'Pac Nam', 6),
       (61, '2023-03-17 06:09:41.610417', '2023-03-17 06:09:41.610417', 'ba_be', 'Huyện Ba Bể', 'Ba Be District',
        'Ba Bể', 'Ba Be', 6),
       (62, '2023-03-17 06:09:41.610417', '2023-03-17 06:09:41.610417', 'ngan_son', 'Huyện Ngân Sơn',
        'Ngan Son District', 'Ngân Sơn', 'Ngan Son', 6),
       (63, '2023-03-17 06:09:41.610417', '2023-03-17 06:09:41.610417', 'bach_thong', 'Huyện Bạch Thông',
        'Bach Thong District', 'Bạch Thông', 'Bach Thong', 6),
       (64, '2023-03-17 06:09:41.610417', '2023-03-17 06:09:41.610417', 'cho_don', 'Huyện Chợ Đồn', 'Cho Don District',
        'Chợ Đồn', 'Cho Don', 6),
       (65, '2023-03-17 06:09:41.610417', '2023-03-17 06:09:41.610417', 'cho_moi', 'Huyện Chợ Mới', 'Cho Moi District',
        'Chợ Mới', 'Cho Moi', 6),
       (66, '2023-03-17 06:09:41.610417', '2023-03-17 06:09:41.610417', 'na_ri', 'Huyện Na Rì', 'Na Ri District',
        'Na Rì', 'Na Ri', 6),
       (70, '2023-03-17 06:09:41.625984', '2023-03-17 06:09:41.625984', 'tuyen_quang', 'Thành phố Tuyên Quang',
        'Tuyen Quang City', 'Tuyên Quang', 'Tuyen Quang', 8),
       (71, '2023-03-17 06:09:41.625984', '2023-03-17 06:09:41.625984', 'lam_binh', 'Huyện Lâm Bình',
        'Lam Binh District', 'Lâm Bình', 'Lam Binh', 8),
       (72, '2023-03-17 06:09:41.625984', '2023-03-17 06:09:41.625984', 'na_hang', 'Huyện Na Hang', 'Na Hang District',
        'Na Hang', 'Na Hang', 8),
       (73, '2023-03-17 06:09:41.625984', '2023-03-17 06:09:41.625984', 'chiem_hoa', 'Huyện Chiêm Hóa',
        'Chiem Hoa District', 'Chiêm Hóa', 'Chiem Hoa', 8),
       (74, '2023-03-17 06:09:41.625984', '2023-03-17 06:09:41.625984', 'ham_yen', 'Huyện Hàm Yên', 'Ham Yen District',
        'Hàm Yên', 'Ham Yen', 8),
       (75, '2023-03-17 06:09:41.625984', '2023-03-17 06:09:41.625984', 'yen_son', 'Huyện Yên Sơn', 'Yen Son District',
        'Yên Sơn', 'Yen Son', 8),
       (76, '2023-03-17 06:09:41.625984', '2023-03-17 06:09:41.625984', 'son_duong', 'Huyện Sơn Dương',
        'Son Duong District', 'Sơn Dương', 'Son Duong', 8),
       (80, '2023-03-17 06:09:41.625984', '2023-03-17 06:09:41.625984', 'lao_cai', 'Thành phố Lào Cai', 'Lao Cai City',
        'Lào Cai', 'Lao Cai', 10),
       (82, '2023-03-17 06:09:41.625984', '2023-03-17 06:09:41.625984', 'bat_xat', 'Huyện Bát Xát', 'Bat Xat District',
        'Bát Xát', 'Bat Xat', 10),
       (83, '2023-03-17 06:09:41.625984', '2023-03-17 06:09:41.625984', 'muong_khuong', 'Huyện Mường Khương',
        'Muong Khuong District', 'Mường Khương', 'Muong Khuong', 10),
       (84, '2023-03-17 06:09:41.641280', '2023-03-17 06:09:41.641280', 'si_ma_cai', 'Huyện Si Ma Cai',
        'Si Ma Cai District', 'Si Ma Cai', 'Si Ma Cai', 10),
       (85, '2023-03-17 06:09:41.641280', '2023-03-17 06:09:41.641280', 'bac_ha', 'Huyện Bắc Hà', 'Bac Ha District',
        'Bắc Hà', 'Bac Ha', 10),
       (86, '2023-03-17 06:09:41.641280', '2023-03-17 06:09:41.641280', 'bao_thang', 'Huyện Bảo Thắng',
        'Bao Thang District', 'Bảo Thắng', 'Bao Thang', 10),
       (87, '2023-03-17 06:09:41.641280', '2023-03-17 06:09:41.641280', 'bao_yen', 'Huyện Bảo Yên', 'Bao Yen District',
        'Bảo Yên', 'Bao Yen', 10),
       (88, '2023-03-17 06:09:41.641280', '2023-03-17 06:09:41.641280', 'sa_pa', 'Thị xã Sa Pa', 'Sa Pa Town', 'Sa Pa',
        'Sa Pa', 10),
       (89, '2023-03-17 06:09:41.641280', '2023-03-17 06:09:41.641280', 'van_ban', 'Huyện Văn Bàn', 'Van Ban District',
        'Văn Bàn', 'Van Ban', 10),
       (94, '2023-03-17 06:09:41.641280', '2023-03-17 06:09:41.641280', 'dien_bien_phu', 'Thành phố Điện Biên Phủ',
        'Dien Bien Phu City', 'Điện Biên Phủ', 'Dien Bien Phu', 11),
       (95, '2023-03-17 06:09:41.641280', '2023-03-17 06:09:41.641280', 'muong_lay', 'Thị xã Mường Lay',
        'Muong Lay Town', 'Mường Lay', 'Muong Lay', 11),
       (96, '2023-03-17 06:09:41.641280', '2023-03-17 06:09:41.641280', 'muong_nhe', 'Huyện Mường Nhé',
        'Muong Nhe District', 'Mường Nhé', 'Muong Nhe', 11),
       (97, '2023-03-17 06:09:41.641280', '2023-03-17 06:09:41.641280', 'muong_cha', 'Huyện Mường Chà',
        'Muong Cha District', 'Mường Chà', 'Muong Cha', 11),
       (98, '2023-03-17 06:09:41.656835', '2023-03-17 06:09:41.656835', 'tua_chua', 'Huyện Tủa Chùa',
        'Tua Chua District', 'Tủa Chùa', 'Tua Chua', 11),
       (99, '2023-03-17 06:09:41.656835', '2023-03-17 06:09:41.656835', 'tuan_giao', 'Huyện Tuần Giáo',
        'Tuan Giao District', 'Tuần Giáo', 'Tuan Giao', 11),
       (100, '2023-03-17 06:09:41.656835', '2023-03-17 06:09:41.656835', 'dien_bien', 'Huyện Điện Biên',
        'Dien Bien District', 'Điện Biên', 'Dien Bien', 11),
       (101, '2023-03-17 06:09:41.656835', '2023-03-17 06:09:41.656835', 'dien_bien_dong', 'Huyện Điện Biên Đông',
        'Dien Bien Dong District', 'Điện Biên Đông', 'Dien Bien Dong', 11),
       (102, '2023-03-17 06:09:41.656835', '2023-03-17 06:09:41.656835', 'muong_ang', 'Huyện Mường Ảng',
        'Muong Ang District', 'Mường Ảng', 'Muong Ang', 11),
       (103, '2023-03-17 06:09:41.656835', '2023-03-17 06:09:41.656835', 'nam_po', 'Huyện Nậm Pồ', 'Nam Po District',
        'Nậm Pồ', 'Nam Po', 11),
       (105, '2023-03-17 06:09:41.656835', '2023-03-17 06:09:41.656835', 'lai_chau', 'Thành phố Lai Châu',
        'Lai Chau City', 'Lai Châu', 'Lai Chau', 12),
       (106, '2023-03-17 06:09:41.656835', '2023-03-17 06:09:41.656835', 'tam_duong', 'Huyện Tam Đường',
        'Tam Duong District', 'Tam Đường', 'Tam Duong', 12),
       (107, '2023-03-17 06:09:41.656835', '2023-03-17 06:09:41.656835', 'muong_te', 'Huyện Mường Tè',
        'Muong Te District', 'Mường Tè', 'Muong Te', 12),
       (108, '2023-03-17 06:09:41.656835', '2023-03-17 06:09:41.656835', 'sin_ho', 'Huyện Sìn Hồ', 'Sin Ho District',
        'Sìn Hồ', 'Sin Ho', 12),
       (109, '2023-03-17 06:09:41.673065', '2023-03-17 06:09:41.673065', 'phong_tho', 'Huyện Phong Thổ',
        'Phong Tho District', 'Phong Thổ', 'Phong Tho', 12),
       (110, '2023-03-17 06:09:41.673065', '2023-03-17 06:09:41.673065', 'than_uyen', 'Huyện Than Uyên',
        'Than Uyen District', 'Than Uyên', 'Than Uyen', 12),
       (111, '2023-03-17 06:09:41.673065', '2023-03-17 06:09:41.673065', 'tan_uyen', 'Huyện Tân Uyên',
        'Tan Uyen District', 'Tân Uyên', 'Tan Uyen', 12),
       (112, '2023-03-17 06:09:41.673065', '2023-03-17 06:09:41.673065', 'nam_nhun', 'Huyện Nậm Nhùn',
        'Nam Nhun District', 'Nậm Nhùn', 'Nam Nhun', 12),
       (116, '2023-03-17 06:09:41.673065', '2023-03-17 06:09:41.673065', 'son_la', 'Thành phố Sơn La', 'Son La City',
        'Sơn La', 'Son La', 14),
       (118, '2023-03-17 06:09:41.673065', '2023-03-17 06:09:41.673065', 'quynh_nhai', 'Huyện Quỳnh Nhai',
        'Quynh Nhai District', 'Quỳnh Nhai', 'Quynh Nhai', 14),
       (119, '2023-03-17 06:09:41.673065', '2023-03-17 06:09:41.673065', 'thuan_chau', 'Huyện Thuận Châu',
        'Thuan Chau District', 'Thuận Châu', 'Thuan Chau', 14),
       (120, '2023-03-17 06:09:41.673065', '2023-03-17 06:09:41.673065', 'muong_la', 'Huyện Mường La',
        'Muong La District', 'Mường La', 'Muong La', 14),
       (121, '2023-03-17 06:09:41.673065', '2023-03-17 06:09:41.673065', 'bac_yen', 'Huyện Bắc Yên', 'Bac Yen District',
        'Bắc Yên', 'Bac Yen', 14),
       (122, '2023-03-17 06:09:41.673065', '2023-03-17 06:09:41.673065', 'phu_yen', 'Huyện Phù Yên', 'Phu Yen District',
        'Phù Yên', 'Phu Yen', 14),
       (123, '2023-03-17 06:09:41.691497', '2023-03-17 06:09:41.691497', 'moc_chau', 'Huyện Mộc Châu',
        'Moc Chau District', 'Mộc Châu', 'Moc Chau', 14),
       (124, '2023-03-17 06:09:41.691497', '2023-03-17 06:09:41.691497', 'yen_chau', 'Huyện Yên Châu',
        'Yen Chau District', 'Yên Châu', 'Yen Chau', 14),
       (125, '2023-03-17 06:09:41.691497', '2023-03-17 06:09:41.691497', 'mai_son', 'Huyện Mai Sơn', 'Mai Son District',
        'Mai Sơn', 'Mai Son', 14),
       (126, '2023-03-17 06:09:41.691497', '2023-03-17 06:09:41.691497', 'song_ma', 'Huyện Sông Mã', 'Song Ma District',
        'Sông Mã', 'Song Ma', 14),
       (127, '2023-03-17 06:09:41.691497', '2023-03-17 06:09:41.691497', 'sop_cop', 'Huyện Sốp Cộp', 'Sop Cop District',
        'Sốp Cộp', 'Sop Cop', 14),
       (128, '2023-03-17 06:09:41.691497', '2023-03-17 06:09:41.691497', 'van_ho', 'Huyện Vân Hồ', 'Van Ho District',
        'Vân Hồ', 'Van Ho', 14),
       (132, '2023-03-17 06:09:41.691497', '2023-03-17 06:09:41.691497', 'yen_bai', 'Thành phố Yên Bái', 'Yen Bai City',
        'Yên Bái', 'Yen Bai', 15),
       (133, '2023-03-17 06:09:41.691497', '2023-03-17 06:09:41.691497', 'nghia_lo', 'Thị xã Nghĩa Lộ', 'Nghia Lo Town',
        'Nghĩa Lộ', 'Nghia Lo', 15),
       (135, '2023-03-17 06:09:41.691497', '2023-03-17 06:09:41.691497', 'luc_yen', 'Huyện Lục Yên', 'Luc Yen District',
        'Lục Yên', 'Luc Yen', 15),
       (136, '2023-03-17 06:09:41.691497', '2023-03-17 06:09:41.691497', 'van_yen', 'Huyện Văn Yên', 'Van Yen District',
        'Văn Yên', 'Van Yen', 15),
       (137, '2023-03-17 06:09:41.706142', '2023-03-17 06:09:41.706142', 'mu_cang_chai', 'Huyện Mù Căng Chải',
        'Mu Cang Chai District', 'Mù Căng Chải', 'Mu Cang Chai', 15),
       (138, '2023-03-17 06:09:41.706142', '2023-03-17 06:09:41.706142', 'tran_yen', 'Huyện Trấn Yên',
        'Tran Yen District', 'Trấn Yên', 'Tran Yen', 15),
       (139, '2023-03-17 06:09:41.706142', '2023-03-17 06:09:41.706142', 'tram_tau', 'Huyện Trạm Tấu',
        'Tram Tau District', 'Trạm Tấu', 'Tram Tau', 15),
       (140, '2023-03-17 06:09:41.706142', '2023-03-17 06:09:41.706142', 'van_chan', 'Huyện Văn Chấn',
        'Van Chan District', 'Văn Chấn', 'Van Chan', 15),
       (141, '2023-03-17 06:09:41.706142', '2023-03-17 06:09:41.706142', 'yen_binh', 'Huyện Yên Bình',
        'Yen Binh District', 'Yên Bình', 'Yen Binh', 15),
       (148, '2023-03-17 06:09:41.706142', '2023-03-17 06:09:41.706142', 'hoa_binh', 'Thành phố Hòa Bình',
        'Hoa Binh City', 'Hòa Bình', 'Hoa Binh', 17),
       (150, '2023-03-17 06:09:41.706142', '2023-03-17 06:09:41.706142', 'da_bac', 'Huyện Đà Bắc', 'Da Bac District',
        'Đà Bắc', 'Da Bac', 17),
       (152, '2023-03-17 06:09:41.706142', '2023-03-17 06:09:41.706142', 'luong_son', 'Huyện Lương Sơn',
        'Luong Son District', 'Lương Sơn', 'Luong Son', 17),
       (153, '2023-03-17 06:09:41.706142', '2023-03-17 06:09:41.706142', 'kim_boi', 'Huyện Kim Bôi', 'Kim Boi District',
        'Kim Bôi', 'Kim Boi', 17),
       (154, '2023-03-17 06:09:41.706142', '2023-03-17 06:09:41.706142', 'cao_phong', 'Huyện Cao Phong',
        'Cao Phong District', 'Cao Phong', 'Cao Phong', 17),
       (155, '2023-03-17 06:09:41.732308', '2023-03-17 06:09:41.732308', 'tan_lac', 'Huyện Tân Lạc', 'Tan Lac District',
        'Tân Lạc', 'Tan Lac', 17),
       (156, '2023-03-17 06:09:41.732308', '2023-03-17 06:09:41.732308', 'mai_chau', 'Huyện Mai Châu',
        'Mai Chau District', 'Mai Châu', 'Mai Chau', 17),
       (157, '2023-03-17 06:09:41.732308', '2023-03-17 06:09:41.732308', 'lac_son', 'Huyện Lạc Sơn', 'Lac Son District',
        'Lạc Sơn', 'Lac Son', 17),
       (158, '2023-03-17 06:09:41.732308', '2023-03-17 06:09:41.732308', 'yen_thuy', 'Huyện Yên Thủy',
        'Yen Thuy District', 'Yên Thủy', 'Yen Thuy', 17),
       (159, '2023-03-17 06:09:41.732308', '2023-03-17 06:09:41.732308', 'lac_thuy', 'Huyện Lạc Thủy',
        'Lac Thuy District', 'Lạc Thủy', 'Lac Thuy', 17),
       (164, '2023-03-17 06:09:41.732308', '2023-03-17 06:09:41.732308', 'thai_nguyen', 'Thành phố Thái Nguyên',
        'Thai Nguyen City', 'Thái Nguyên', 'Thai Nguyen', 19),
       (165, '2023-03-17 06:09:41.732308', '2023-03-17 06:09:41.732308', 'song_cong', 'Thành phố Sông Công',
        'Song Cong City', 'Sông Công', 'Song Cong', 19),
       (167, '2023-03-17 06:09:41.732308', '2023-03-17 06:09:41.732308', 'dinh_hoa', 'Huyện Định Hóa',
        'Dinh Hoa District', 'Định Hóa', 'Dinh Hoa', 19),
       (168, '2023-03-17 06:09:41.732308', '2023-03-17 06:09:41.732308', 'phu_luong', 'Huyện Phú Lương',
        'Phu Luong District', 'Phú Lương', 'Phu Luong', 19),
       (169, '2023-03-17 06:09:41.732308', '2023-03-17 06:09:41.732308', 'dong_hy', 'Huyện Đồng Hỷ', 'Dong Hy District',
        'Đồng Hỷ', 'Dong Hy', 19),
       (170, '2023-03-17 06:09:41.756876', '2023-03-17 06:09:41.756876', 'vo_nhai', 'Huyện Võ Nhai', 'Vo Nhai District',
        'Võ Nhai', 'Vo Nhai', 19),
       (171, '2023-03-17 06:09:41.756876', '2023-03-17 06:09:41.756876', 'dai_tu', 'Huyện Đại Từ', 'Dai Tu District',
        'Đại Từ', 'Dai Tu', 19),
       (172, '2023-03-17 06:09:41.756876', '2023-03-17 06:09:41.756876', 'pho_yen', 'Thành phố Phổ Yên', 'Pho Yen City',
        'Phổ Yên', 'Pho Yen', 19),
       (173, '2023-03-17 06:09:41.756876', '2023-03-17 06:09:41.756876', 'phu_binh', 'Huyện Phú Bình',
        'Phu Binh District', 'Phú Bình', 'Phu Binh', 19),
       (178, '2023-03-17 06:09:41.756876', '2023-03-17 06:09:41.756876', 'lang_son', 'Thành phố Lạng Sơn',
        'Lang Son City', 'Lạng Sơn', 'Lang Son', 20),
       (180, '2023-03-17 06:09:41.756876', '2023-03-17 06:09:41.756876', 'trang_dinh', 'Huyện Tràng Định',
        'Trang Dinh District', 'Tràng Định', 'Trang Dinh', 20),
       (181, '2023-03-17 06:09:41.756876', '2023-03-17 06:09:41.756876', 'binh_gia', 'Huyện Bình Gia',
        'Binh Gia District', 'Bình Gia', 'Binh Gia', 20),
       (182, '2023-03-17 06:09:41.756876', '2023-03-17 06:09:41.756876', 'van_lang', 'Huyện Văn Lãng',
        'Van Lang District', 'Văn Lãng', 'Van Lang', 20),
       (183, '2023-03-17 06:09:41.756876', '2023-03-17 06:09:41.756876', 'cao_loc', 'Huyện Cao Lộc', 'Cao Loc District',
        'Cao Lộc', 'Cao Loc', 20),
       (184, '2023-03-17 06:09:41.756876', '2023-03-17 06:09:41.756876', 'van_quan', 'Huyện Văn Quan',
        'Van Quan District', 'Văn Quan', 'Van Quan', 20),
       (185, '2023-03-17 06:09:41.774480', '2023-03-17 06:09:41.774480', 'bac_son', 'Huyện Bắc Sơn', 'Bac Son District',
        'Bắc Sơn', 'Bac Son', 20),
       (186, '2023-03-17 06:09:41.774480', '2023-03-17 06:09:41.774480', 'huu_lung', 'Huyện Hữu Lũng',
        'Huu Lung District', 'Hữu Lũng', 'Huu Lung', 20),
       (187, '2023-03-17 06:09:41.774480', '2023-03-17 06:09:41.774480', 'chi_lang', 'Huyện Chi Lăng',
        'Chi Lang District', 'Chi Lăng', 'Chi Lang', 20),
       (188, '2023-03-17 06:09:41.774480', '2023-03-17 06:09:41.774480', 'loc_binh', 'Huyện Lộc Bình',
        'Loc Binh District', 'Lộc Bình', 'Loc Binh', 20),
       (189, '2023-03-17 06:09:41.774480', '2023-03-17 06:09:41.774480', 'dinh_lap', 'Huyện Đình Lập',
        'Dinh Lap District', 'Đình Lập', 'Dinh Lap', 20),
       (193, '2023-03-17 06:09:41.774480', '2023-03-17 06:09:41.774480', 'ha_long', 'Thành phố Hạ Long', 'Ha Long City',
        'Hạ Long', 'Ha Long', 22),
       (194, '2023-03-17 06:09:41.774480', '2023-03-17 06:09:41.774480', 'mong_cai', 'Thành phố Móng Cái',
        'Mong Cai City', 'Móng Cái', 'Mong Cai', 22),
       (195, '2023-03-17 06:09:41.774480', '2023-03-17 06:09:41.774480', 'cam_pha', 'Thành phố Cẩm Phả', 'Cam Pha City',
        'Cẩm Phả', 'Cam Pha', 22),
       (196, '2023-03-17 06:09:41.774480', '2023-03-17 06:09:41.774480', 'uong_bi', 'Thành phố Uông Bí', 'Uong Bi City',
        'Uông Bí', 'Uong Bi', 22),
       (198, '2023-03-17 06:09:41.774480', '2023-03-17 06:09:41.774480', 'binh_lieu', 'Huyện Bình Liêu',
        'Binh Lieu District', 'Bình Liêu', 'Binh Lieu', 22),
       (199, '2023-03-17 06:09:41.796013', '2023-03-17 06:09:41.796013', 'tien_yen', 'Huyện Tiên Yên',
        'Tien Yen District', 'Tiên Yên', 'Tien Yen', 22),
       (200, '2023-03-17 06:09:41.796013', '2023-03-17 06:09:41.796013', 'dam_ha', 'Huyện Đầm Hà', 'Dam Ha District',
        'Đầm Hà', 'Dam Ha', 22),
       (201, '2023-03-17 06:09:41.796013', '2023-03-17 06:09:41.796013', 'hai_ha', 'Huyện Hải Hà', 'Hai Ha District',
        'Hải Hà', 'Hai Ha', 22),
       (202, '2023-03-17 06:09:41.796013', '2023-03-17 06:09:41.796013', 'ba_che', 'Huyện Ba Chẽ', 'Ba Che District',
        'Ba Chẽ', 'Ba Che', 22),
       (203, '2023-03-17 06:09:41.796013', '2023-03-17 06:09:41.796013', 'van_don', 'Huyện Vân Đồn', 'Van Don District',
        'Vân Đồn', 'Van Don', 22),
       (205, '2023-03-17 06:09:41.796013', '2023-03-17 06:09:41.796013', 'dong_trieu', 'Thị xã Đông Triều',
        'Dong Trieu Town', 'Đông Triều', 'Dong Trieu', 22),
       (206, '2023-03-17 06:09:41.796013', '2023-03-17 06:09:41.796013', 'quang_yen', 'Thị xã Quảng Yên',
        'Quang Yen Town', 'Quảng Yên', 'Quang Yen', 22),
       (207, '2023-03-17 06:09:41.796013', '2023-03-17 06:09:41.796013', 'co_to', 'Huyện Cô Tô', 'Co To District',
        'Cô Tô', 'Co To', 22),
       (213, '2023-03-17 06:09:41.796013', '2023-03-17 06:09:41.796013', 'bac_giang', 'Thành phố Bắc Giang',
        'Bac Giang City', 'Bắc Giang', 'Bac Giang', 24),
       (215, '2023-03-17 06:09:41.796013', '2023-03-17 06:09:41.796013', 'yen_the', 'Huyện Yên Thế', 'Yen The District',
        'Yên Thế', 'Yen The', 24),
       (216, '2023-03-17 06:09:41.813081', '2023-03-17 06:09:41.813081', 'tan_yen', 'Huyện Tân Yên', 'Tan Yen District',
        'Tân Yên', 'Tan Yen', 24),
       (217, '2023-03-17 06:09:41.813081', '2023-03-17 06:09:41.813081', 'lang_giang', 'Huyện Lạng Giang',
        'Lang Giang District', 'Lạng Giang', 'Lang Giang', 24),
       (218, '2023-03-17 06:09:41.813081', '2023-03-17 06:09:41.813081', 'luc_nam', 'Huyện Lục Nam', 'Luc Nam District',
        'Lục Nam', 'Luc Nam', 24),
       (219, '2023-03-17 06:09:41.813081', '2023-03-17 06:09:41.813081', 'luc_ngan', 'Huyện Lục Ngạn',
        'Luc Ngan District', 'Lục Ngạn', 'Luc Ngan', 24),
       (220, '2023-03-17 06:09:41.813081', '2023-03-17 06:09:41.813081', 'son_dong', 'Huyện Sơn Động',
        'Son Dong District', 'Sơn Động', 'Son Dong', 24),
       (221, '2023-03-17 06:09:41.813081', '2023-03-17 06:09:41.813081', 'yen_dung', 'Huyện Yên Dũng',
        'Yen Dung District', 'Yên Dũng', 'Yen Dung', 24),
       (222, '2023-03-17 06:09:41.813081', '2023-03-17 06:09:41.813081', 'viet_yen', 'Huyện Việt Yên',
        'Viet Yen District', 'Việt Yên', 'Viet Yen', 24),
       (223, '2023-03-17 06:09:41.813081', '2023-03-17 06:09:41.813081', 'hiep_hoa', 'Huyện Hiệp Hòa',
        'Hiep Hoa District', 'Hiệp Hòa', 'Hiep Hoa', 24),
       (227, '2023-03-17 06:09:41.813081', '2023-03-17 06:09:41.813081', 'viet_tri', 'Thành phố Việt Trì',
        'Viet Tri City', 'Việt Trì', 'Viet Tri', 25),
       (228, '2023-03-17 06:09:41.813081', '2023-03-17 06:09:41.813081', 'phu_tho', 'Thị xã Phú Thọ', 'Phu Tho Town',
        'Phú Thọ', 'Phu Tho', 25),
       (230, '2023-03-17 06:09:41.835113', '2023-03-17 06:09:41.835113', 'doan_hung', 'Huyện Đoan Hùng',
        'Doan Hung District', 'Đoan Hùng', 'Doan Hung', 25),
       (231, '2023-03-17 06:09:41.835113', '2023-03-17 06:09:41.835113', 'ha_hoa', 'Huyện Hạ Hoà', 'Ha Hoa District',
        'Hạ Hoà', 'Ha Hoa', 25),
       (232, '2023-03-17 06:09:41.835113', '2023-03-17 06:09:41.835113', 'thanh_ba', 'Huyện Thanh Ba',
        'Thanh Ba District', 'Thanh Ba', 'Thanh Ba', 25),
       (233, '2023-03-17 06:09:41.835113', '2023-03-17 06:09:41.835113', 'phu_ninh', 'Huyện Phù Ninh',
        'Phu Ninh District', 'Phù Ninh', 'Phu Ninh', 25),
       (234, '2023-03-17 06:09:41.835113', '2023-03-17 06:09:41.835113', 'yen_lap', 'Huyện Yên Lập', 'Yen Lap District',
        'Yên Lập', 'Yen Lap', 25),
       (235, '2023-03-17 06:09:41.835113', '2023-03-17 06:09:41.835113', 'cam_khe', 'Huyện Cẩm Khê', 'Cam Khe District',
        'Cẩm Khê', 'Cam Khe', 25),
       (236, '2023-03-17 06:09:41.835113', '2023-03-17 06:09:41.835113', 'tam_nong', 'Huyện Tam Nông',
        'Tam Nong District', 'Tam Nông', 'Tam Nong', 25),
       (237, '2023-03-17 06:09:41.835113', '2023-03-17 06:09:41.835113', 'lam_thao', 'Huyện Lâm Thao',
        'Lam Thao District', 'Lâm Thao', 'Lam Thao', 25),
       (238, '2023-03-17 06:09:41.835113', '2023-03-17 06:09:41.835113', 'thanh_son', 'Huyện Thanh Sơn',
        'Thanh Son District', 'Thanh Sơn', 'Thanh Son', 25),
       (239, '2023-03-17 06:09:41.835113', '2023-03-17 06:09:41.835113', 'thanh_thuy', 'Huyện Thanh Thuỷ',
        'Thanh Thuy District', 'Thanh Thuỷ', 'Thanh Thuy', 25),
       (240, '2023-03-17 06:09:41.853320', '2023-03-17 06:09:41.853320', 'tan_son', 'Huyện Tân Sơn', 'Tan Son District',
        'Tân Sơn', 'Tan Son', 25),
       (243, '2023-03-17 06:09:41.853320', '2023-03-17 06:09:41.853320', 'vinh_yen', 'Thành phố Vĩnh Yên',
        'Vinh Yen City', 'Vĩnh Yên', 'Vinh Yen', 26),
       (244, '2023-03-17 06:09:41.853320', '2023-03-17 06:09:41.853320', 'phuc_yen', 'Thành phố Phúc Yên',
        'Phuc Yen City', 'Phúc Yên', 'Phuc Yen', 26),
       (246, '2023-03-17 06:09:41.853320', '2023-03-17 06:09:41.853320', 'lap_thach', 'Huyện Lập Thạch',
        'Lap Thach District', 'Lập Thạch', 'Lap Thach', 26),
       (247, '2023-03-17 06:09:41.853320', '2023-03-17 06:09:41.853320', 'tam_duong', 'Huyện Tam Dương',
        'Tam Duong District', 'Tam Dương', 'Tam Duong', 26),
       (248, '2023-03-17 06:09:41.853320', '2023-03-17 06:09:41.853320', 'tam_dao', 'Huyện Tam Đảo', 'Tam Dao District',
        'Tam Đảo', 'Tam Dao', 26),
       (249, '2023-03-17 06:09:41.853320', '2023-03-17 06:09:41.853320', 'binh_xuyen', 'Huyện Bình Xuyên',
        'Binh Xuyen District', 'Bình Xuyên', 'Binh Xuyen', 26),
       (250, '2023-03-17 06:09:41.546588', '2023-03-17 06:09:41.546588', 'me_linh', 'Huyện Mê Linh', 'Me Linh District',
        'Mê Linh', 'Me Linh', 1),
       (251, '2023-03-17 06:09:41.853320', '2023-03-17 06:09:41.853320', 'yen_lac', 'Huyện Yên Lạc', 'Yen Lac District',
        'Yên Lạc', 'Yen Lac', 26),
       (252, '2023-03-17 06:09:41.853320', '2023-03-17 06:09:41.853320', 'vinh_tuong', 'Huyện Vĩnh Tường',
        'Vinh Tuong District', 'Vĩnh Tường', 'Vinh Tuong', 26),
       (253, '2023-03-17 06:09:41.853320', '2023-03-17 06:09:41.853320', 'song_lo', 'Huyện Sông Lô', 'Song Lo District',
        'Sông Lô', 'Song Lo', 26),
       (256, '2023-03-17 06:09:41.873625', '2023-03-17 06:09:41.873625', 'bac_ninh', 'Thành phố Bắc Ninh',
        'Bac Ninh City', 'Bắc Ninh', 'Bac Ninh', 27),
       (258, '2023-03-17 06:09:41.873625', '2023-03-17 06:09:41.873625', 'yen_phong', 'Huyện Yên Phong',
        'Yen Phong District', 'Yên Phong', 'Yen Phong', 27),
       (259, '2023-03-17 06:09:41.873625', '2023-03-17 06:09:41.873625', 'que_vo', 'Huyện Quế Võ', 'Que Vo District',
        'Quế Võ', 'Que Vo', 27),
       (260, '2023-03-17 06:09:41.873625', '2023-03-17 06:09:41.873625', 'tien_du', 'Huyện Tiên Du', 'Tien Du District',
        'Tiên Du', 'Tien Du', 27),
       (261, '2023-03-17 06:09:41.873625', '2023-03-17 06:09:41.873625', 'tu_son', 'Thành phố Từ Sơn', 'Tu Son City',
        'Từ Sơn', 'Tu Son', 27),
       (262, '2023-03-17 06:09:41.873625', '2023-03-17 06:09:41.873625', 'thuan_thanh', 'Huyện Thuận Thành',
        'Thuan Thanh District', 'Thuận Thành', 'Thuan Thanh', 27),
       (263, '2023-03-17 06:09:41.873625', '2023-03-17 06:09:41.873625', 'gia_binh', 'Huyện Gia Bình',
        'Gia Binh District', 'Gia Bình', 'Gia Binh', 27),
       (264, '2023-03-17 06:09:41.873625', '2023-03-17 06:09:41.873625', 'luong_tai', 'Huyện Lương Tài',
        'Luong Tai District', 'Lương Tài', 'Luong Tai', 27),
       (268, '2023-03-17 06:09:41.546588', '2023-03-17 06:09:41.546588', 'ha_dong', 'Quận Hà Đông', 'Ha Dong District',
        'Hà Đông', 'Ha Dong', 1),
       (269, '2023-03-17 06:09:41.546588', '2023-03-17 06:09:41.546588', 'son_tay', 'Thị xã Sơn Tây', 'Son Tay Town',
        'Sơn Tây', 'Son Tay', 1),
       (271, '2023-03-17 06:09:41.546588', '2023-03-17 06:09:41.546588', 'ba_vi', 'Huyện Ba Vì', 'Ba Vi District',
        'Ba Vì', 'Ba Vi', 1),
       (272, '2023-03-17 06:09:41.560110', '2023-03-17 06:09:41.560110', 'phuc_tho', 'Huyện Phúc Thọ',
        'Phuc Tho District', 'Phúc Thọ', 'Phuc Tho', 1),
       (273, '2023-03-17 06:09:41.560110', '2023-03-17 06:09:41.560110', 'dan_phuong', 'Huyện Đan Phượng',
        'Dan Phuong District', 'Đan Phượng', 'Dan Phuong', 1),
       (274, '2023-03-17 06:09:41.560110', '2023-03-17 06:09:41.560110', 'hoai_duc', 'Huyện Hoài Đức',
        'Hoai Duc District', 'Hoài Đức', 'Hoai Duc', 1),
       (275, '2023-03-17 06:09:41.560110', '2023-03-17 06:09:41.560110', 'quoc_oai', 'Huyện Quốc Oai',
        'Quoc Oai District', 'Quốc Oai', 'Quoc Oai', 1),
       (276, '2023-03-17 06:09:41.560110', '2023-03-17 06:09:41.560110', 'thach_that', 'Huyện Thạch Thất',
        'Thach That District', 'Thạch Thất', 'Thach That', 1),
       (277, '2023-03-17 06:09:41.560110', '2023-03-17 06:09:41.560110', 'chuong_my', 'Huyện Chương Mỹ',
        'Chuong My District', 'Chương Mỹ', 'Chuong My', 1),
       (278, '2023-03-17 06:09:41.560110', '2023-03-17 06:09:41.560110', 'thanh_oai', 'Huyện Thanh Oai',
        'Thanh Oai District', 'Thanh Oai', 'Thanh Oai', 1),
       (279, '2023-03-17 06:09:41.560110', '2023-03-17 06:09:41.560110', 'thuong_tin', 'Huyện Thường Tín',
        'Thuong Tin District', 'Thường Tín', 'Thuong Tin', 1),
       (280, '2023-03-17 06:09:41.560110', '2023-03-17 06:09:41.560110', 'phu_xuyen', 'Huyện Phú Xuyên',
        'Phu Xuyen District', 'Phú Xuyên', 'Phu Xuyen', 1),
       (281, '2023-03-17 06:09:41.560110', '2023-03-17 06:09:41.560110', 'ung_hoa', 'Huyện Ứng Hòa', 'Ung Hoa District',
        'Ứng Hòa', 'Ung Hoa', 1),
       (282, '2023-03-17 06:09:41.575570', '2023-03-17 06:09:41.575570', 'my_duc', 'Huyện Mỹ Đức', 'My Duc District',
        'Mỹ Đức', 'My Duc', 1),
       (288, '2023-03-17 06:09:41.873625', '2023-03-17 06:09:41.873625', 'hai_duong', 'Thành phố Hải Dương',
        'Hai Duong City', 'Hải Dương', 'Hai Duong', 30),
       (290, '2023-03-17 06:09:41.873625', '2023-03-17 06:09:41.873625', 'chi_linh', 'Thành phố Chí Linh',
        'Chi Linh City', 'Chí Linh', 'Chi Linh', 30),
       (291, '2023-03-17 06:09:41.888988', '2023-03-17 06:09:41.888988', 'nam_sach', 'Huyện Nam Sách',
        'Nam Sach District', 'Nam Sách', 'Nam Sach', 30),
       (292, '2023-03-17 06:09:41.888988', '2023-03-17 06:09:41.888988', 'kinh_mon', 'Thị xã Kinh Môn', 'Kinh Mon Town',
        'Kinh Môn', 'Kinh Mon', 30),
       (293, '2023-03-17 06:09:41.888988', '2023-03-17 06:09:41.888988', 'kim_thanh', 'Huyện Kim Thành',
        'Kim Thanh District', 'Kim Thành', 'Kim Thanh', 30),
       (294, '2023-03-17 06:09:41.888988', '2023-03-17 06:09:41.888988', 'thanh_ha', 'Huyện Thanh Hà',
        'Thanh Ha District', 'Thanh Hà', 'Thanh Ha', 30),
       (295, '2023-03-17 06:09:41.888988', '2023-03-17 06:09:41.888988', 'cam_giang', 'Huyện Cẩm Giàng',
        'Cam Giang District', 'Cẩm Giàng', 'Cam Giang', 30),
       (296, '2023-03-17 06:09:41.888988', '2023-03-17 06:09:41.888988', 'binh_giang', 'Huyện Bình Giang',
        'Binh Giang District', 'Bình Giang', 'Binh Giang', 30),
       (297, '2023-03-17 06:09:41.888988', '2023-03-17 06:09:41.888988', 'gia_loc', 'Huyện Gia Lộc', 'Gia Loc District',
        'Gia Lộc', 'Gia Loc', 30),
       (298, '2023-03-17 06:09:41.888988', '2023-03-17 06:09:41.888988', 'tu_ky', 'Huyện Tứ Kỳ', 'Tu Ky District',
        'Tứ Kỳ', 'Tu Ky', 30),
       (299, '2023-03-17 06:09:41.888988', '2023-03-17 06:09:41.888988', 'ninh_giang', 'Huyện Ninh Giang',
        'Ninh Giang District', 'Ninh Giang', 'Ninh Giang', 30),
       (300, '2023-03-17 06:09:41.888988', '2023-03-17 06:09:41.888988', 'thanh_mien', 'Huyện Thanh Miện',
        'Thanh Mien District', 'Thanh Miện', 'Thanh Mien', 30),
       (303, '2023-03-17 06:09:41.903233', '2023-03-17 06:09:41.903233', 'hong_bang', 'Quận Hồng Bàng',
        'Hong Bang District', 'Hồng Bàng', 'Hong Bang', 31),
       (304, '2023-03-17 06:09:41.903233', '2023-03-17 06:09:41.903233', 'ngo_quyen', 'Quận Ngô Quyền',
        'Ngo Quyen District', 'Ngô Quyền', 'Ngo Quyen', 31),
       (305, '2023-03-17 06:09:41.903233', '2023-03-17 06:09:41.903233', 'le_chan', 'Quận Lê Chân', 'Le Chan District',
        'Lê Chân', 'Le Chan', 31),
       (306, '2023-03-17 06:09:41.903233', '2023-03-17 06:09:41.903233', 'hai_an', 'Quận Hải An', 'Hai An District',
        'Hải An', 'Hai An', 31),
       (307, '2023-03-17 06:09:41.903233', '2023-03-17 06:09:41.903233', 'kien_an', 'Quận Kiến An', 'Kien An District',
        'Kiến An', 'Kien An', 31),
       (308, '2023-03-17 06:09:41.903233', '2023-03-17 06:09:41.903233', 'do_son', 'Quận Đồ Sơn', 'Do Son District',
        'Đồ Sơn', 'Do Son', 31),
       (309, '2023-03-17 06:09:41.903233', '2023-03-17 06:09:41.903233', 'duong_kinh', 'Quận Dương Kinh',
        'Duong Kinh District', 'Dương Kinh', 'Duong Kinh', 31),
       (311, '2023-03-17 06:09:41.903233', '2023-03-17 06:09:41.903233', 'thuy_nguyen', 'Huyện Thuỷ Nguyên',
        'Thuy Nguyen District', 'Thuỷ Nguyên', 'Thuy Nguyen', 31),
       (312, '2023-03-17 06:09:41.903233', '2023-03-17 06:09:41.903233', 'an_duong', 'Huyện An Dương',
        'An Duong District', 'An Dương', 'An Duong', 31),
       (313, '2023-03-17 06:09:41.903233', '2023-03-17 06:09:41.903233', 'an_lao', 'Huyện An Lão', 'An Lao District',
        'An Lão', 'An Lao', 31),
       (314, '2023-03-17 06:09:41.924732', '2023-03-17 06:09:41.924732', 'kien_thuy', 'Huyện Kiến Thuỵ',
        'Kien Thuy District', 'Kiến Thuỵ', 'Kien Thuy', 31),
       (315, '2023-03-17 06:09:41.924732', '2023-03-17 06:09:41.924732', 'tien_lang', 'Huyện Tiên Lãng',
        'Tien Lang District', 'Tiên Lãng', 'Tien Lang', 31),
       (316, '2023-03-17 06:09:41.924732', '2023-03-17 06:09:41.924732', 'vinh_bao', 'Huyện Vĩnh Bảo',
        'Vinh Bao District', 'Vĩnh Bảo', 'Vinh Bao', 31),
       (317, '2023-03-17 06:09:41.924732', '2023-03-17 06:09:41.924732', 'cat_hai', 'Huyện Cát Hải', 'Cat Hai District',
        'Cát Hải', 'Cat Hai', 31),
       (318, '2023-03-17 06:09:41.924732', '2023-03-17 06:09:41.924732', 'bach_long_vi', 'Huyện Bạch Long Vĩ',
        'Bach Long Vi District', 'Bạch Long Vĩ', 'Bach Long Vi', 31),
       (323, '2023-03-17 06:09:41.924732', '2023-03-17 06:09:41.924732', 'hung_yen', 'Thành phố Hưng Yên',
        'Hung Yen City', 'Hưng Yên', 'Hung Yen', 33),
       (325, '2023-03-17 06:09:41.924732', '2023-03-17 06:09:41.924732', 'van_lam', 'Huyện Văn Lâm', 'Van Lam District',
        'Văn Lâm', 'Van Lam', 33),
       (326, '2023-03-17 06:09:41.924732', '2023-03-17 06:09:41.924732', 'van_giang', 'Huyện Văn Giang',
        'Van Giang District', 'Văn Giang', 'Van Giang', 33),
       (327, '2023-03-17 06:09:41.924732', '2023-03-17 06:09:41.924732', 'yen_my', 'Huyện Yên Mỹ', 'Yen My District',
        'Yên Mỹ', 'Yen My', 33),
       (328, '2023-03-17 06:09:41.942122', '2023-03-17 06:09:41.942122', 'my_hao', 'Thị xã Mỹ Hào', 'My Hao Town',
        'Mỹ Hào', 'My Hao', 33),
       (329, '2023-03-17 06:09:41.942122', '2023-03-17 06:09:41.942122', 'an_thi', 'Huyện Ân Thi', 'An Thi District',
        'Ân Thi', 'An Thi', 33),
       (330, '2023-03-17 06:09:41.942122', '2023-03-17 06:09:41.942122', 'khoai_chau', 'Huyện Khoái Châu',
        'Khoai Chau District', 'Khoái Châu', 'Khoai Chau', 33),
       (331, '2023-03-17 06:09:41.942122', '2023-03-17 06:09:41.942122', 'kim_dong', 'Huyện Kim Động',
        'Kim Dong District', 'Kim Động', 'Kim Dong', 33),
       (332, '2023-03-17 06:09:41.942122', '2023-03-17 06:09:41.942122', 'tien_lu', 'Huyện Tiên Lữ', 'Tien Lu District',
        'Tiên Lữ', 'Tien Lu', 33),
       (333, '2023-03-17 06:09:41.942122', '2023-03-17 06:09:41.942122', 'phu_cu', 'Huyện Phù Cừ', 'Phu Cu District',
        'Phù Cừ', 'Phu Cu', 33),
       (336, '2023-03-17 06:09:41.942122', '2023-03-17 06:09:41.942122', 'thai_binh', 'Thành phố Thái Bình',
        'Thai Binh City', 'Thái Bình', 'Thai Binh', 34),
       (338, '2023-03-17 06:09:41.942122', '2023-03-17 06:09:41.942122', 'quynh_phu', 'Huyện Quỳnh Phụ',
        'Quynh Phu District', 'Quỳnh Phụ', 'Quynh Phu', 34),
       (339, '2023-03-17 06:09:41.942122', '2023-03-17 06:09:41.942122', 'hung_ha', 'Huyện Hưng Hà', 'Hung Ha District',
        'Hưng Hà', 'Hung Ha', 34),
       (340, '2023-03-17 06:09:41.942122', '2023-03-17 06:09:41.942122', 'dong_hung', 'Huyện Đông Hưng',
        'Dong Hung District', 'Đông Hưng', 'Dong Hung', 34),
       (341, '2023-03-17 06:09:41.952831', '2023-03-17 06:09:41.952831', 'thai_thuy', 'Huyện Thái Thụy',
        'Thai Thuy District', 'Thái Thụy', 'Thai Thuy', 34),
       (342, '2023-03-17 06:09:41.952831', '2023-03-17 06:09:41.952831', 'tien_hai', 'Huyện Tiền Hải',
        'Tien Hai District', 'Tiền Hải', 'Tien Hai', 34),
       (343, '2023-03-17 06:09:41.952831', '2023-03-17 06:09:41.952831', 'kien_xuong', 'Huyện Kiến Xương',
        'Kien Xuong District', 'Kiến Xương', 'Kien Xuong', 34),
       (344, '2023-03-17 06:09:41.952831', '2023-03-17 06:09:41.952831', 'vu_thu', 'Huyện Vũ Thư', 'Vu Thu District',
        'Vũ Thư', 'Vu Thu', 34),
       (347, '2023-03-17 06:09:41.952831', '2023-03-17 06:09:41.952831', 'phu_ly', 'Thành phố Phủ Lý', 'Phu Ly City',
        'Phủ Lý', 'Phu Ly', 35),
       (349, '2023-03-17 06:09:41.952831', '2023-03-17 06:09:41.952831', 'duy_tien', 'Thị xã Duy Tiên', 'Duy Tien Town',
        'Duy Tiên', 'Duy Tien', 35),
       (350, '2023-03-17 06:09:41.952831', '2023-03-17 06:09:41.952831', 'kim_bang', 'Huyện Kim Bảng',
        'Kim Bang District', 'Kim Bảng', 'Kim Bang', 35),
       (351, '2023-03-17 06:09:41.952831', '2023-03-17 06:09:41.952831', 'thanh_liem', 'Huyện Thanh Liêm',
        'Thanh Liem District', 'Thanh Liêm', 'Thanh Liem', 35),
       (352, '2023-03-17 06:09:41.952831', '2023-03-17 06:09:41.952831', 'binh_luc', 'Huyện Bình Lục',
        'Binh Luc District', 'Bình Lục', 'Binh Luc', 35),
       (353, '2023-03-17 06:09:41.952831', '2023-03-17 06:09:41.952831', 'ly_nhan', 'Huyện Lý Nhân', 'Ly Nhan District',
        'Lý Nhân', 'Ly Nhan', 35),
       (356, '2023-03-17 06:09:41.961087', '2023-03-17 06:09:41.961087', 'nam_dinh', 'Thành phố Nam Định',
        'Nam Dinh City', 'Nam Định', 'Nam Dinh', 36),
       (358, '2023-03-17 06:09:41.961087', '2023-03-17 06:09:41.961087', 'my_loc', 'Huyện Mỹ Lộc', 'My Loc District',
        'Mỹ Lộc', 'My Loc', 36),
       (359, '2023-03-17 06:09:41.961087', '2023-03-17 06:09:41.961087', 'vu_ban', 'Huyện Vụ Bản', 'Vu Ban District',
        'Vụ Bản', 'Vu Ban', 36),
       (360, '2023-03-17 06:09:41.961087', '2023-03-17 06:09:41.961087', 'y_yen', 'Huyện Ý Yên', 'Y Yen District',
        'Ý Yên', 'Y Yen', 36),
       (361, '2023-03-17 06:09:41.961087', '2023-03-17 06:09:41.961087', 'nghia_hung', 'Huyện Nghĩa Hưng',
        'Nghia Hung District', 'Nghĩa Hưng', 'Nghia Hung', 36),
       (362, '2023-03-17 06:09:41.961087', '2023-03-17 06:09:41.961087', 'nam_truc', 'Huyện Nam Trực',
        'Nam Truc District', 'Nam Trực', 'Nam Truc', 36),
       (363, '2023-03-17 06:09:41.961087', '2023-03-17 06:09:41.961087', 'truc_ninh', 'Huyện Trực Ninh',
        'Truc Ninh District', 'Trực Ninh', 'Truc Ninh', 36),
       (364, '2023-03-17 06:09:41.961087', '2023-03-17 06:09:41.961087', 'xuan_truong', 'Huyện Xuân Trường',
        'Xuan Truong District', 'Xuân Trường', 'Xuan Truong', 36),
       (365, '2023-03-17 06:09:41.961087', '2023-03-17 06:09:41.961087', 'giao_thuy', 'Huyện Giao Thủy',
        'Giao Thuy District', 'Giao Thủy', 'Giao Thuy', 36),
       (366, '2023-03-17 06:09:41.961087', '2023-03-17 06:09:41.961087', 'hai_hau', 'Huyện Hải Hậu', 'Hai Hau District',
        'Hải Hậu', 'Hai Hau', 36),
       (369, '2023-03-17 06:09:41.970075', '2023-03-17 06:09:41.970075', 'ninh_binh', 'Thành phố Ninh Bình',
        'Ninh Binh City', 'Ninh Bình', 'Ninh Binh', 37),
       (370, '2023-03-17 06:09:41.970075', '2023-03-17 06:09:41.970075', 'tam_diep', 'Thành phố Tam Điệp',
        'Tam Diep City', 'Tam Điệp', 'Tam Diep', 37),
       (372, '2023-03-17 06:09:41.970075', '2023-03-17 06:09:41.970075', 'nho_quan', 'Huyện Nho Quan',
        'Nho Quan District', 'Nho Quan', 'Nho Quan', 37),
       (373, '2023-03-17 06:09:41.970075', '2023-03-17 06:09:41.970075', 'gia_vien', 'Huyện Gia Viễn',
        'Gia Vien District', 'Gia Viễn', 'Gia Vien', 37),
       (374, '2023-03-17 06:09:41.970075', '2023-03-17 06:09:41.970075', 'hoa_lu', 'Huyện Hoa Lư', 'Hoa Lu District',
        'Hoa Lư', 'Hoa Lu', 37),
       (375, '2023-03-17 06:09:41.970075', '2023-03-17 06:09:41.970075', 'yen_khanh', 'Huyện Yên Khánh',
        'Yen Khanh District', 'Yên Khánh', 'Yen Khanh', 37),
       (376, '2023-03-17 06:09:41.970075', '2023-03-17 06:09:41.970075', 'kim_son', 'Huyện Kim Sơn', 'Kim Son District',
        'Kim Sơn', 'Kim Son', 37),
       (377, '2023-03-17 06:09:41.970075', '2023-03-17 06:09:41.970075', 'yen_mo', 'Huyện Yên Mô', 'Yen Mo District',
        'Yên Mô', 'Yen Mo', 37),
       (380, '2023-03-17 06:09:41.970075', '2023-03-17 06:09:41.970075', 'thanh_hoa', 'Thành phố Thanh Hóa',
        'Thanh Hoa City', 'Thanh Hóa', 'Thanh Hoa', 38),
       (381, '2023-03-17 06:09:41.970075', '2023-03-17 06:09:41.970075', 'bim_son', 'Thị xã Bỉm Sơn', 'Bim Son Town',
        'Bỉm Sơn', 'Bim Son', 38),
       (382, '2023-03-17 06:09:41.980879', '2023-03-17 06:09:41.980879', 'sam_son', 'Thành phố Sầm Sơn', 'Sam Son City',
        'Sầm Sơn', 'Sam Son', 38),
       (384, '2023-03-17 06:09:41.980879', '2023-03-17 06:09:41.980879', 'muong_lat', 'Huyện Mường Lát',
        'Muong Lat District', 'Mường Lát', 'Muong Lat', 38),
       (385, '2023-03-17 06:09:41.980879', '2023-03-17 06:09:41.980879', 'quan_hoa', 'Huyện Quan Hóa',
        'Quan Hoa District', 'Quan Hóa', 'Quan Hoa', 38),
       (386, '2023-03-17 06:09:41.980879', '2023-03-17 06:09:41.980879', 'ba_thuoc', 'Huyện Bá Thước',
        'Ba Thuoc District', 'Bá Thước', 'Ba Thuoc', 38),
       (387, '2023-03-17 06:09:41.980879', '2023-03-17 06:09:41.980879', 'quan_son', 'Huyện Quan Sơn',
        'Quan Son District', 'Quan Sơn', 'Quan Son', 38),
       (388, '2023-03-17 06:09:41.980879', '2023-03-17 06:09:41.980879', 'lang_chanh', 'Huyện Lang Chánh',
        'Lang Chanh District', 'Lang Chánh', 'Lang Chanh', 38),
       (389, '2023-03-17 06:09:41.980879', '2023-03-17 06:09:41.980879', 'ngoc_lac', 'Huyện Ngọc Lặc',
        'Ngoc Lac District', 'Ngọc Lặc', 'Ngoc Lac', 38),
       (390, '2023-03-17 06:09:41.980879', '2023-03-17 06:09:41.980879', 'cam_thuy', 'Huyện Cẩm Thủy',
        'Cam Thuy District', 'Cẩm Thủy', 'Cam Thuy', 38),
       (391, '2023-03-17 06:09:41.980879', '2023-03-17 06:09:41.980879', 'thach_thanh', 'Huyện Thạch Thành',
        'Thach Thanh District', 'Thạch Thành', 'Thach Thanh', 38),
       (392, '2023-03-17 06:09:41.980879', '2023-03-17 06:09:41.980879', 'ha_trung', 'Huyện Hà Trung',
        'Ha Trung District', 'Hà Trung', 'Ha Trung', 38),
       (393, '2023-03-17 06:09:41.988555', '2023-03-17 06:09:41.988555', 'vinh_loc', 'Huyện Vĩnh Lộc',
        'Vinh Loc District', 'Vĩnh Lộc', 'Vinh Loc', 38),
       (394, '2023-03-17 06:09:41.988555', '2023-03-17 06:09:41.988555', 'yen_dinh', 'Huyện Yên Định',
        'Yen Dinh District', 'Yên Định', 'Yen Dinh', 38),
       (395, '2023-03-17 06:09:41.988555', '2023-03-17 06:09:41.988555', 'tho_xuan', 'Huyện Thọ Xuân',
        'Tho Xuan District', 'Thọ Xuân', 'Tho Xuan', 38),
       (396, '2023-03-17 06:09:41.988555', '2023-03-17 06:09:41.988555', 'thuong_xuan', 'Huyện Thường Xuân',
        'Thuong Xuan District', 'Thường Xuân', 'Thuong Xuan', 38),
       (397, '2023-03-17 06:09:41.988555', '2023-03-17 06:09:41.988555', 'trieu_son', 'Huyện Triệu Sơn',
        'Trieu Son District', 'Triệu Sơn', 'Trieu Son', 38),
       (398, '2023-03-17 06:09:41.988555', '2023-03-17 06:09:41.988555', 'thieu_hoa', 'Huyện Thiệu Hóa',
        'Thieu Hoa District', 'Thiệu Hóa', 'Thieu Hoa', 38),
       (399, '2023-03-17 06:09:41.988555', '2023-03-17 06:09:41.988555', 'hoang_hoa', 'Huyện Hoằng Hóa',
        'Hoang Hoa District', 'Hoằng Hóa', 'Hoang Hoa', 38),
       (400, '2023-03-17 06:09:41.988555', '2023-03-17 06:09:41.988555', 'hau_loc', 'Huyện Hậu Lộc', 'Hau Loc District',
        'Hậu Lộc', 'Hau Loc', 38),
       (401, '2023-03-17 06:09:41.988555', '2023-03-17 06:09:41.988555', 'nga_son', 'Huyện Nga Sơn', 'Nga Son District',
        'Nga Sơn', 'Nga Son', 38),
       (402, '2023-03-17 06:09:41.988555', '2023-03-17 06:09:41.988555', 'nhu_xuan', 'Huyện Như Xuân',
        'Nhu Xuan District', 'Như Xuân', 'Nhu Xuan', 38),
       (403, '2023-03-17 06:09:41.996778', '2023-03-17 06:09:41.996778', 'nhu_thanh', 'Huyện Như Thanh',
        'Nhu Thanh District', 'Như Thanh', 'Nhu Thanh', 38),
       (404, '2023-03-17 06:09:41.996778', '2023-03-17 06:09:41.996778', 'nong_cong', 'Huyện Nông Cống',
        'Nong Cong District', 'Nông Cống', 'Nong Cong', 38),
       (405, '2023-03-17 06:09:41.996778', '2023-03-17 06:09:41.996778', 'dong_son', 'Huyện Đông Sơn',
        'Dong Son District', 'Đông Sơn', 'Dong Son', 38),
       (406, '2023-03-17 06:09:41.996778', '2023-03-17 06:09:41.996778', 'quang_xuong', 'Huyện Quảng Xương',
        'Quang Xuong District', 'Quảng Xương', 'Quang Xuong', 38),
       (407, '2023-03-17 06:09:41.996778', '2023-03-17 06:09:41.996778', 'nghi_son', 'Thị xã Nghi Sơn', 'Nghi Son Town',
        'Nghi Sơn', 'Nghi Son', 38),
       (412, '2023-03-17 06:09:41.996778', '2023-03-17 06:09:41.996778', 'vinh', 'Thành phố Vinh', 'Vinh City', 'Vinh',
        'Vinh', 40),
       (413, '2023-03-17 06:09:41.996778', '2023-03-17 06:09:41.996778', 'cua_lo', 'Thị xã Cửa Lò', 'Cua Lo Town',
        'Cửa Lò', 'Cua Lo', 40),
       (414, '2023-03-17 06:09:41.996778', '2023-03-17 06:09:41.996778', 'thai_hoa', 'Thị xã Thái Hoà', 'Thai Hoa Town',
        'Thái Hoà', 'Thai Hoa', 40),
       (415, '2023-03-17 06:09:41.996778', '2023-03-17 06:09:41.996778', 'que_phong', 'Huyện Quế Phong',
        'Que Phong District', 'Quế Phong', 'Que Phong', 40),
       (416, '2023-03-17 06:09:41.996778', '2023-03-17 06:09:41.996778', 'quy_chau', 'Huyện Quỳ Châu',
        'Quy Chau District', 'Quỳ Châu', 'Quy Chau', 40),
       (417, '2023-03-17 06:09:42.011489', '2023-03-17 06:09:42.011489', 'ky_son', 'Huyện Kỳ Sơn', 'Ky Son District',
        'Kỳ Sơn', 'Ky Son', 40),
       (418, '2023-03-17 06:09:42.011489', '2023-03-17 06:09:42.011489', 'tuong_duong', 'Huyện Tương Dương',
        'Tuong Duong District', 'Tương Dương', 'Tuong Duong', 40),
       (419, '2023-03-17 06:09:42.011489', '2023-03-17 06:09:42.011489', 'nghia_dan', 'Huyện Nghĩa Đàn',
        'Nghia Dan District', 'Nghĩa Đàn', 'Nghia Dan', 40),
       (420, '2023-03-17 06:09:42.011489', '2023-03-17 06:09:42.011489', 'quy_hop', 'Huyện Quỳ Hợp', 'Quy Hop District',
        'Quỳ Hợp', 'Quy Hop', 40),
       (421, '2023-03-17 06:09:42.011489', '2023-03-17 06:09:42.011489', 'quynh_luu', 'Huyện Quỳnh Lưu',
        'Quynh Luu District', 'Quỳnh Lưu', 'Quynh Luu', 40),
       (422, '2023-03-17 06:09:42.011489', '2023-03-17 06:09:42.011489', 'con_cuong', 'Huyện Con Cuông',
        'Con Cuong District', 'Con Cuông', 'Con Cuong', 40),
       (423, '2023-03-17 06:09:42.011489', '2023-03-17 06:09:42.011489', 'tan_ky', 'Huyện Tân Kỳ', 'Tan Ky District',
        'Tân Kỳ', 'Tan Ky', 40),
       (424, '2023-03-17 06:09:42.011489', '2023-03-17 06:09:42.011489', 'anh_son', 'Huyện Anh Sơn', 'Anh Son District',
        'Anh Sơn', 'Anh Son', 40),
       (425, '2023-03-17 06:09:42.011489', '2023-03-17 06:09:42.011489', 'dien_chau', 'Huyện Diễn Châu',
        'Dien Chau District', 'Diễn Châu', 'Dien Chau', 40),
       (426, '2023-03-17 06:09:42.011489', '2023-03-17 06:09:42.011489', 'yen_thanh', 'Huyện Yên Thành',
        'Yen Thanh District', 'Yên Thành', 'Yen Thanh', 40),
       (427, '2023-03-17 06:09:42.023280', '2023-03-17 06:09:42.023280', 'do_luong', 'Huyện Đô Lương',
        'Do Luong District', 'Đô Lương', 'Do Luong', 40),
       (428, '2023-03-17 06:09:42.023280', '2023-03-17 06:09:42.023280', 'thanh_chuong', 'Huyện Thanh Chương',
        'Thanh Chuong District', 'Thanh Chương', 'Thanh Chuong', 40),
       (429, '2023-03-17 06:09:42.023280', '2023-03-17 06:09:42.023280', 'nghi_loc', 'Huyện Nghi Lộc',
        'Nghi Loc District', 'Nghi Lộc', 'Nghi Loc', 40),
       (430, '2023-03-17 06:09:42.023280', '2023-03-17 06:09:42.023280', 'nam_dan', 'Huyện Nam Đàn', 'Nam Dan District',
        'Nam Đàn', 'Nam Dan', 40),
       (431, '2023-03-17 06:09:42.023280', '2023-03-17 06:09:42.023280', 'hung_nguyen', 'Huyện Hưng Nguyên',
        'Hung Nguyen District', 'Hưng Nguyên', 'Hung Nguyen', 40),
       (432, '2023-03-17 06:09:42.023280', '2023-03-17 06:09:42.023280', 'hoang_mai', 'Thị xã Hoàng Mai',
        'Hoang Mai Town', 'Hoàng Mai', 'Hoang Mai', 40),
       (436, '2023-03-17 06:09:42.023280', '2023-03-17 06:09:42.023280', 'ha_tinh', 'Thành phố Hà Tĩnh', 'Ha Tinh City',
        'Hà Tĩnh', 'Ha Tinh', 42),
       (437, '2023-03-17 06:09:42.023280', '2023-03-17 06:09:42.023280', 'hong_linh', 'Thị xã Hồng Lĩnh',
        'Hong Linh Town', 'Hồng Lĩnh', 'Hong Linh', 42),
       (439, '2023-03-17 06:09:42.023280', '2023-03-17 06:09:42.023280', 'huong_son', 'Huyện Hương Sơn',
        'Huong Son District', 'Hương Sơn', 'Huong Son', 42),
       (440, '2023-03-17 06:09:42.023280', '2023-03-17 06:09:42.023280', 'duc_tho', 'Huyện Đức Thọ', 'Duc Tho District',
        'Đức Thọ', 'Duc Tho', 42),
       (441, '2023-03-17 06:09:42.035421', '2023-03-17 06:09:42.035421', 'vu_quang', 'Huyện Vũ Quang',
        'Vu Quang District', 'Vũ Quang', 'Vu Quang', 42),
       (442, '2023-03-17 06:09:42.035421', '2023-03-17 06:09:42.035421', 'nghi_xuan', 'Huyện Nghi Xuân',
        'Nghi Xuan District', 'Nghi Xuân', 'Nghi Xuan', 42),
       (443, '2023-03-17 06:09:42.035421', '2023-03-17 06:09:42.035421', 'can_loc', 'Huyện Can Lộc', 'Can Loc District',
        'Can Lộc', 'Can Loc', 42),
       (444, '2023-03-17 06:09:42.035421', '2023-03-17 06:09:42.035421', 'huong_khe', 'Huyện Hương Khê',
        'Huong Khe District', 'Hương Khê', 'Huong Khe', 42),
       (445, '2023-03-17 06:09:42.035421', '2023-03-17 06:09:42.035421', 'thach_ha', 'Huyện Thạch Hà',
        'Thach Ha District', 'Thạch Hà', 'Thach Ha', 42),
       (446, '2023-03-17 06:09:42.035421', '2023-03-17 06:09:42.035421', 'cam_xuyen', 'Huyện Cẩm Xuyên',
        'Cam Xuyen District', 'Cẩm Xuyên', 'Cam Xuyen', 42),
       (447, '2023-03-17 06:09:42.035421', '2023-03-17 06:09:42.035421', 'ky_anh', 'Huyện Kỳ Anh', 'Ky Anh District',
        'Kỳ Anh', 'Ky Anh', 42),
       (448, '2023-03-17 06:09:42.035421', '2023-03-17 06:09:42.035421', 'loc_ha', 'Huyện Lộc Hà', 'Loc Ha District',
        'Lộc Hà', 'Loc Ha', 42),
       (449, '2023-03-17 06:09:42.035421', '2023-03-17 06:09:42.035421', 'ky_anh', 'Thị xã Kỳ Anh', 'Ky Anh Town',
        'Kỳ Anh', 'Ky Anh', 42),
       (450, '2023-03-17 06:09:42.035421', '2023-03-17 06:09:42.035421', 'dong_hoi', 'Thành phố Đồng Hới',
        'Dong Hoi City', 'Đồng Hới', 'Dong Hoi', 44),
       (452, '2023-03-17 06:09:42.048964', '2023-03-17 06:09:42.048964', 'minh_hoa', 'Huyện Minh Hóa',
        'Minh Hoa District', 'Minh Hóa', 'Minh Hoa', 44),
       (453, '2023-03-17 06:09:42.048964', '2023-03-17 06:09:42.048964', 'tuyen_hoa', 'Huyện Tuyên Hóa',
        'Tuyen Hoa District', 'Tuyên Hóa', 'Tuyen Hoa', 44),
       (454, '2023-03-17 06:09:42.048964', '2023-03-17 06:09:42.048964', 'quang_trach', 'Huyện Quảng Trạch',
        'Quang Trach District', 'Quảng Trạch', 'Quang Trach', 44),
       (455, '2023-03-17 06:09:42.048964', '2023-03-17 06:09:42.048964', 'bo_trach', 'Huyện Bố Trạch',
        'Bo Trach District', 'Bố Trạch', 'Bo Trach', 44),
       (456, '2023-03-17 06:09:42.048964', '2023-03-17 06:09:42.048964', 'quang_ninh', 'Huyện Quảng Ninh',
        'Quang Ninh District', 'Quảng Ninh', 'Quang Ninh', 44),
       (457, '2023-03-17 06:09:42.048964', '2023-03-17 06:09:42.048964', 'le_thuy', 'Huyện Lệ Thủy', 'Le Thuy District',
        'Lệ Thủy', 'Le Thuy', 44),
       (458, '2023-03-17 06:09:42.048964', '2023-03-17 06:09:42.048964', 'ba_don', 'Thị xã Ba Đồn', 'Ba Don Town',
        'Ba Đồn', 'Ba Don', 44),
       (461, '2023-03-17 06:09:42.048964', '2023-03-17 06:09:42.048964', 'dong_ha', 'Thành phố Đông Hà', 'Dong Ha City',
        'Đông Hà', 'Dong Ha', 45),
       (462, '2023-03-17 06:09:42.048964', '2023-03-17 06:09:42.048964', 'quang_tri', 'Thị xã Quảng Trị',
        'Quang Tri Town', 'Quảng Trị', 'Quang Tri', 45),
       (464, '2023-03-17 06:09:42.048964', '2023-03-17 06:09:42.048964', 'vinh_linh', 'Huyện Vĩnh Linh',
        'Vinh Linh District', 'Vĩnh Linh', 'Vinh Linh', 45),
       (465, '2023-03-17 06:09:42.059414', '2023-03-17 06:09:42.059414', 'huong_hoa', 'Huyện Hướng Hóa',
        'Huong Hoa District', 'Hướng Hóa', 'Huong Hoa', 45),
       (466, '2023-03-17 06:09:42.059414', '2023-03-17 06:09:42.059414', 'gio_linh', 'Huyện Gio Linh',
        'Gio Linh District', 'Gio Linh', 'Gio Linh', 45),
       (467, '2023-03-17 06:09:42.059414', '2023-03-17 06:09:42.059414', 'da_krong', 'Huyện Đa Krông',
        'Da Krong District', 'Đa Krông', 'Da Krong', 45),
       (468, '2023-03-17 06:09:42.059414', '2023-03-17 06:09:42.059414', 'cam_lo', 'Huyện Cam Lộ', 'Cam Lo District',
        'Cam Lộ', 'Cam Lo', 45),
       (469, '2023-03-17 06:09:42.059414', '2023-03-17 06:09:42.059414', 'trieu_phong', 'Huyện Triệu Phong',
        'Trieu Phong District', 'Triệu Phong', 'Trieu Phong', 45),
       (470, '2023-03-17 06:09:42.059414', '2023-03-17 06:09:42.059414', 'hai_lang', 'Huyện Hải Lăng',
        'Hai Lang District', 'Hải Lăng', 'Hai Lang', 45),
       (471, '2023-03-17 06:09:42.059414', '2023-03-17 06:09:42.059414', 'con_co', 'Huyện Cồn Cỏ', 'Con Co District',
        'Cồn Cỏ', 'Con Co', 45),
       (474, '2023-03-17 06:09:42.059414', '2023-03-17 06:09:42.059414', 'hue', 'Thành phố Huế', 'Hue City', 'Huế',
        'Hue', 46),
       (476, '2023-03-17 06:09:42.059414', '2023-03-17 06:09:42.059414', 'phong_dien', 'Huyện Phong Điền',
        'Phong Dien District', 'Phong Điền', 'Phong Dien', 46),
       (477, '2023-03-17 06:09:42.059414', '2023-03-17 06:09:42.059414', 'quang_dien', 'Huyện Quảng Điền',
        'Quang Dien District', 'Quảng Điền', 'Quang Dien', 46),
       (478, '2023-03-17 06:09:42.070108', '2023-03-17 06:09:42.070108', 'phu_vang', 'Huyện Phú Vang',
        'Phu Vang District', 'Phú Vang', 'Phu Vang', 46),
       (479, '2023-03-17 06:09:42.070108', '2023-03-17 06:09:42.070108', 'huong_thuy', 'Thị xã Hương Thủy',
        'Huong Thuy Town', 'Hương Thủy', 'Huong Thuy', 46),
       (480, '2023-03-17 06:09:42.070108', '2023-03-17 06:09:42.070108', 'huong_tra', 'Thị xã Hương Trà',
        'Huong Tra Town', 'Hương Trà', 'Huong Tra', 46),
       (481, '2023-03-17 06:09:42.070108', '2023-03-17 06:09:42.070108', 'a_luoi', 'Huyện A Lưới', 'A Luoi District',
        'A Lưới', 'A Luoi', 46),
       (482, '2023-03-17 06:09:42.070108', '2023-03-17 06:09:42.070108', 'phu_loc', 'Huyện Phú Lộc', 'Phu Loc District',
        'Phú Lộc', 'Phu Loc', 46),
       (483, '2023-03-17 06:09:42.070108', '2023-03-17 06:09:42.070108', 'nam_dong', 'Huyện Nam Đông',
        'Nam Dong District', 'Nam Đông', 'Nam Dong', 46),
       (490, '2023-03-17 06:09:42.070108', '2023-03-17 06:09:42.070108', 'lien_chieu', 'Quận Liên Chiểu',
        'Lien Chieu District', 'Liên Chiểu', 'Lien Chieu', 48),
       (491, '2023-03-17 06:09:42.070108', '2023-03-17 06:09:42.070108', 'thanh_khe', 'Quận Thanh Khê',
        'Thanh Khe District', 'Thanh Khê', 'Thanh Khe', 48),
       (492, '2023-03-17 06:09:42.070108', '2023-03-17 06:09:42.070108', 'hai_chau', 'Quận Hải Châu',
        'Hai Chau District', 'Hải Châu', 'Hai Chau', 48),
       (493, '2023-03-17 06:09:42.070108', '2023-03-17 06:09:42.070108', 'son_tra', 'Quận Sơn Trà', 'Son Tra District',
        'Sơn Trà', 'Son Tra', 48),
       (494, '2023-03-17 06:09:42.081095', '2023-03-17 06:09:42.081095', 'ngu_hanh_son', 'Quận Ngũ Hành Sơn',
        'Ngu Hanh Son District', 'Ngũ Hành Sơn', 'Ngu Hanh Son', 48),
       (495, '2023-03-17 06:09:42.081095', '2023-03-17 06:09:42.081095', 'cam_le', 'Quận Cẩm Lệ', 'Cam Le District',
        'Cẩm Lệ', 'Cam Le', 48),
       (497, '2023-03-17 06:09:42.081095', '2023-03-17 06:09:42.081095', 'hoa_vang', 'Huyện Hòa Vang',
        'Hoa Vang District', 'Hòa Vang', 'Hoa Vang', 48),
       (498, '2023-03-17 06:09:42.081095', '2023-03-17 06:09:42.081095', 'hoang_sa', 'Huyện Hoàng Sa',
        'Hoang Sa District', 'Hoàng Sa', 'Hoang Sa', 48),
       (502, '2023-03-17 06:09:42.081095', '2023-03-17 06:09:42.081095', 'tam_ky', 'Thành phố Tam Kỳ', 'Tam Ky City',
        'Tam Kỳ', 'Tam Ky', 49),
       (503, '2023-03-17 06:09:42.081095', '2023-03-17 06:09:42.081095', 'hoi_an', 'Thành phố Hội An', 'Hoi An City',
        'Hội An', 'Hoi An', 49),
       (504, '2023-03-17 06:09:42.081095', '2023-03-17 06:09:42.081095', 'tay_giang', 'Huyện Tây Giang',
        'Tay Giang District', 'Tây Giang', 'Tay Giang', 49),
       (505, '2023-03-17 06:09:42.081095', '2023-03-17 06:09:42.081095', 'dong_giang', 'Huyện Đông Giang',
        'Dong Giang District', 'Đông Giang', 'Dong Giang', 49),
       (506, '2023-03-17 06:09:42.081095', '2023-03-17 06:09:42.081095', 'dai_loc', 'Huyện Đại Lộc', 'Dai Loc District',
        'Đại Lộc', 'Dai Loc', 49),
       (507, '2023-03-17 06:09:42.081095', '2023-03-17 06:09:42.081095', 'dien_ban', 'Thị xã Điện Bàn', 'Dien Ban Town',
        'Điện Bàn', 'Dien Ban', 49),
       (508, '2023-03-17 06:09:42.091738', '2023-03-17 06:09:42.091738', 'duy_xuyen', 'Huyện Duy Xuyên',
        'Duy Xuyen District', 'Duy Xuyên', 'Duy Xuyen', 49),
       (509, '2023-03-17 06:09:42.091738', '2023-03-17 06:09:42.091738', 'que_son', 'Huyện Quế Sơn', 'Que Son District',
        'Quế Sơn', 'Que Son', 49),
       (510, '2023-03-17 06:09:42.091738', '2023-03-17 06:09:42.091738', 'nam_giang', 'Huyện Nam Giang',
        'Nam Giang District', 'Nam Giang', 'Nam Giang', 49),
       (511, '2023-03-17 06:09:42.091738', '2023-03-17 06:09:42.091738', 'phuoc_son', 'Huyện Phước Sơn',
        'Phuoc Son District', 'Phước Sơn', 'Phuoc Son', 49),
       (512, '2023-03-17 06:09:42.091738', '2023-03-17 06:09:42.091738', 'hiep_duc', 'Huyện Hiệp Đức',
        'Hiep Duc District', 'Hiệp Đức', 'Hiep Duc', 49),
       (513, '2023-03-17 06:09:42.091738', '2023-03-17 06:09:42.091738', 'thang_binh', 'Huyện Thăng Bình',
        'Thang Binh District', 'Thăng Bình', 'Thang Binh', 49),
       (514, '2023-03-17 06:09:42.091738', '2023-03-17 06:09:42.091738', 'tien_phuoc', 'Huyện Tiên Phước',
        'Tien Phuoc District', 'Tiên Phước', 'Tien Phuoc', 49),
       (515, '2023-03-17 06:09:42.091738', '2023-03-17 06:09:42.091738', 'bac_tra_my', 'Huyện Bắc Trà My',
        'Bac Tra My District', 'Bắc Trà My', 'Bac Tra My', 49),
       (516, '2023-03-17 06:09:42.091738', '2023-03-17 06:09:42.091738', 'nam_tra_my', 'Huyện Nam Trà My',
        'Nam Tra My District', 'Nam Trà My', 'Nam Tra My', 49),
       (517, '2023-03-17 06:09:42.091738', '2023-03-17 06:09:42.091738', 'nui_thanh', 'Huyện Núi Thành',
        'Nui Thanh District', 'Núi Thành', 'Nui Thanh', 49),
       (518, '2023-03-17 06:09:42.125131', '2023-03-17 06:09:42.125131', 'phu_ninh', 'Huyện Phú Ninh',
        'Phu Ninh District', 'Phú Ninh', 'Phu Ninh', 49),
       (519, '2023-03-17 06:09:42.125131', '2023-03-17 06:09:42.125131', 'nong_son', 'Huyện Nông Sơn',
        'Nong Son District', 'Nông Sơn', 'Nong Son', 49),
       (522, '2023-03-17 06:09:42.125131', '2023-03-17 06:09:42.125131', 'quang_ngai', 'Thành phố Quảng Ngãi',
        'Quang Ngai City', 'Quảng Ngãi', 'Quang Ngai', 51),
       (524, '2023-03-17 06:09:42.125131', '2023-03-17 06:09:42.125131', 'binh_son', 'Huyện Bình Sơn',
        'Binh Son District', 'Bình Sơn', 'Binh Son', 51),
       (525, '2023-03-17 06:09:42.125131', '2023-03-17 06:09:42.125131', 'tra_bong', 'Huyện Trà Bồng',
        'Tra Bong District', 'Trà Bồng', 'Tra Bong', 51),
       (527, '2023-03-17 06:09:42.125131', '2023-03-17 06:09:42.125131', 'son_tinh', 'Huyện Sơn Tịnh',
        'Son Tinh District', 'Sơn Tịnh', 'Son Tinh', 51),
       (528, '2023-03-17 06:09:42.125131', '2023-03-17 06:09:42.125131', 'tu_nghia', 'Huyện Tư Nghĩa',
        'Tu Nghia District', 'Tư Nghĩa', 'Tu Nghia', 51),
       (529, '2023-03-17 06:09:42.125131', '2023-03-17 06:09:42.125131', 'son_ha', 'Huyện Sơn Hà', 'Son Ha District',
        'Sơn Hà', 'Son Ha', 51),
       (530, '2023-03-17 06:09:42.125131', '2023-03-17 06:09:42.125131', 'son_tay', 'Huyện Sơn Tây', 'Son Tay District',
        'Sơn Tây', 'Son Tay', 51),
       (531, '2023-03-17 06:09:42.125131', '2023-03-17 06:09:42.125131', 'minh_long', 'Huyện Minh Long',
        'Minh Long District', 'Minh Long', 'Minh Long', 51),
       (532, '2023-03-17 06:09:42.140450', '2023-03-17 06:09:42.140450', 'nghia_hanh', 'Huyện Nghĩa Hành',
        'Nghia Hanh District', 'Nghĩa Hành', 'Nghia Hanh', 51),
       (533, '2023-03-17 06:09:42.140450', '2023-03-17 06:09:42.140450', 'mo_duc', 'Huyện Mộ Đức', 'Mo Duc District',
        'Mộ Đức', 'Mo Duc', 51),
       (534, '2023-03-17 06:09:42.140450', '2023-03-17 06:09:42.140450', 'duc_pho', 'Thị xã Đức Phổ', 'Duc Pho Town',
        'Đức Phổ', 'Duc Pho', 51),
       (535, '2023-03-17 06:09:42.140450', '2023-03-17 06:09:42.140450', 'ba_to', 'Huyện Ba Tơ', 'Ba To District',
        'Ba Tơ', 'Ba To', 51),
       (536, '2023-03-17 06:09:42.140450', '2023-03-17 06:09:42.140450', 'ly_son', 'Huyện Lý Sơn', 'Ly Son District',
        'Lý Sơn', 'Ly Son', 51),
       (540, '2023-03-17 06:09:42.140450', '2023-03-17 06:09:42.140450', 'quy_nhon', 'Thành phố Quy Nhơn',
        'Quy Nhon City', 'Quy Nhơn', 'Quy Nhon', 52),
       (542, '2023-03-17 06:09:42.140450', '2023-03-17 06:09:42.140450', 'an_lao', 'Huyện An Lão', 'An Lao District',
        'An Lão', 'An Lao', 52),
       (543, '2023-03-17 06:09:42.140450', '2023-03-17 06:09:42.140450', 'hoai_nhon', 'Thị xã Hoài Nhơn',
        'Hoai Nhon Town', 'Hoài Nhơn', 'Hoai Nhon', 52),
       (544, '2023-03-17 06:09:42.140450', '2023-03-17 06:09:42.140450', 'hoai_an', 'Huyện Hoài Ân', 'Hoai An District',
        'Hoài Ân', 'Hoai An', 52),
       (545, '2023-03-17 06:09:42.140450', '2023-03-17 06:09:42.140450', 'phu_my', 'Huyện Phù Mỹ', 'Phu My District',
        'Phù Mỹ', 'Phu My', 52),
       (546, '2023-03-17 06:09:42.153361', '2023-03-17 06:09:42.153361', 'vinh_thanh', 'Huyện Vĩnh Thạnh',
        'Vinh Thanh District', 'Vĩnh Thạnh', 'Vinh Thanh', 52),
       (547, '2023-03-17 06:09:42.153361', '2023-03-17 06:09:42.153361', 'tay_son', 'Huyện Tây Sơn', 'Tay Son District',
        'Tây Sơn', 'Tay Son', 52),
       (548, '2023-03-17 06:09:42.153361', '2023-03-17 06:09:42.153361', 'phu_cat', 'Huyện Phù Cát', 'Phu Cat District',
        'Phù Cát', 'Phu Cat', 52),
       (549, '2023-03-17 06:09:42.153361', '2023-03-17 06:09:42.153361', 'an_nhon', 'Thị xã An Nhơn', 'An Nhon Town',
        'An Nhơn', 'An Nhon', 52),
       (550, '2023-03-17 06:09:42.153361', '2023-03-17 06:09:42.153361', 'tuy_phuoc', 'Huyện Tuy Phước',
        'Tuy Phuoc District', 'Tuy Phước', 'Tuy Phuoc', 52),
       (551, '2023-03-17 06:09:42.153361', '2023-03-17 06:09:42.153361', 'van_canh', 'Huyện Vân Canh',
        'Van Canh District', 'Vân Canh', 'Van Canh', 52),
       (555, '2023-03-17 06:09:42.153361', '2023-03-17 06:09:42.153361', 'tuy_hoa', 'Thành phố Tuy Hoà', 'Tuy Hoa City',
        'Tuy Hoà', 'Tuy Hoa', 54),
       (557, '2023-03-17 06:09:42.153361', '2023-03-17 06:09:42.153361', 'song_cau', 'Thị xã Sông Cầu', 'Song Cau Town',
        'Sông Cầu', 'Song Cau', 54),
       (558, '2023-03-17 06:09:42.153361', '2023-03-17 06:09:42.153361', 'dong_xuan', 'Huyện Đồng Xuân',
        'Dong Xuan District', 'Đồng Xuân', 'Dong Xuan', 54),
       (559, '2023-03-17 06:09:42.153361', '2023-03-17 06:09:42.153361', 'tuy_an', 'Huyện Tuy An', 'Tuy An District',
        'Tuy An', 'Tuy An', 54),
       (560, '2023-03-17 06:09:42.164454', '2023-03-17 06:09:42.164454', 'son_hoa', 'Huyện Sơn Hòa', 'Son Hoa District',
        'Sơn Hòa', 'Son Hoa', 54),
       (561, '2023-03-17 06:09:42.164454', '2023-03-17 06:09:42.164454', 'song_hinh', 'Huyện Sông Hinh',
        'Song Hinh District', 'Sông Hinh', 'Song Hinh', 54),
       (562, '2023-03-17 06:09:42.164454', '2023-03-17 06:09:42.164454', 'tay_hoa', 'Huyện Tây Hoà', 'Tay Hoa District',
        'Tây Hoà', 'Tay Hoa', 54),
       (563, '2023-03-17 06:09:42.164454', '2023-03-17 06:09:42.164454', 'phu_hoa', 'Huyện Phú Hoà', 'Phu Hoa District',
        'Phú Hoà', 'Phu Hoa', 54),
       (564, '2023-03-17 06:09:42.164454', '2023-03-17 06:09:42.164454', 'dong_hoa', 'Thị xã Đông Hòa', 'Dong Hoa Town',
        'Đông Hòa', 'Dong Hoa', 54),
       (568, '2023-03-17 06:09:42.164454', '2023-03-17 06:09:42.164454', 'nha_trang', 'Thành phố Nha Trang',
        'Nha Trang City', 'Nha Trang', 'Nha Trang', 56),
       (569, '2023-03-17 06:09:42.164454', '2023-03-17 06:09:42.164454', 'cam_ranh', 'Thành phố Cam Ranh',
        'Cam Ranh City', 'Cam Ranh', 'Cam Ranh', 56),
       (570, '2023-03-17 06:09:42.164454', '2023-03-17 06:09:42.164454', 'cam_lam', 'Huyện Cam Lâm', 'Cam Lam District',
        'Cam Lâm', 'Cam Lam', 56),
       (571, '2023-03-17 06:09:42.164454', '2023-03-17 06:09:42.164454', 'van_ninh', 'Huyện Vạn Ninh',
        'Van Ninh District', 'Vạn Ninh', 'Van Ninh', 56),
       (572, '2023-03-17 06:09:42.164454', '2023-03-17 06:09:42.164454', 'ninh_hoa', 'Thị xã Ninh Hòa', 'Ninh Hoa Town',
        'Ninh Hòa', 'Ninh Hoa', 56),
       (573, '2023-03-17 06:09:42.177783', '2023-03-17 06:09:42.177783', 'khanh_vinh', 'Huyện Khánh Vĩnh',
        'Khanh Vinh District', 'Khánh Vĩnh', 'Khanh Vinh', 56),
       (574, '2023-03-17 06:09:42.177783', '2023-03-17 06:09:42.177783', 'dien_khanh', 'Huyện Diên Khánh',
        'Dien Khanh District', 'Diên Khánh', 'Dien Khanh', 56),
       (575, '2023-03-17 06:09:42.177783', '2023-03-17 06:09:42.177783', 'khanh_son', 'Huyện Khánh Sơn',
        'Khanh Son District', 'Khánh Sơn', 'Khanh Son', 56),
       (576, '2023-03-17 06:09:42.177783', '2023-03-17 06:09:42.177783', 'truong_sa', 'Huyện Trường Sa',
        'Truong Sa District', 'Trường Sa', 'Truong Sa', 56),
       (582, '2023-03-17 06:09:42.177783', '2023-03-17 06:09:42.177783', 'phan_rang-thap_cham', 'Thành phố Phan Rang',
        'Phan Rang-Thap Cham City', 'Phan Rang-Tháp Chàm', 'Phan Rang-Thap Cham', 58),
       (584, '2023-03-17 06:09:42.177783', '2023-03-17 06:09:42.177783', 'bac_ai', 'Huyện Bác Ái', 'Bac Ai District',
        'Bác Ái', 'Bac Ai', 58),
       (585, '2023-03-17 06:09:42.177783', '2023-03-17 06:09:42.177783', 'ninh_son', 'Huyện Ninh Sơn',
        'Ninh Son District', 'Ninh Sơn', 'Ninh Son', 58),
       (586, '2023-03-17 06:09:42.177783', '2023-03-17 06:09:42.177783', 'ninh_hai', 'Huyện Ninh Hải',
        'Ninh Hai District', 'Ninh Hải', 'Ninh Hai', 58),
       (587, '2023-03-17 06:09:42.177783', '2023-03-17 06:09:42.177783', 'ninh_phuoc', 'Huyện Ninh Phước',
        'Ninh Phuoc District', 'Ninh Phước', 'Ninh Phuoc', 58),
       (588, '2023-03-17 06:09:42.177783', '2023-03-17 06:09:42.177783', 'thuan_bac', 'Huyện Thuận Bắc',
        'Thuan Bac District', 'Thuận Bắc', 'Thuan Bac', 58),
       (589, '2023-03-17 06:09:42.189491', '2023-03-17 06:09:42.189491', 'thuan_nam', 'Huyện Thuận Nam',
        'Thuan Nam District', 'Thuận Nam', 'Thuan Nam', 58),
       (593, '2023-03-17 06:09:42.189491', '2023-03-17 06:09:42.189491', 'phan_thiet', 'Thành phố Phan Thiết',
        'Phan Thiet City', 'Phan Thiết', 'Phan Thiet', 60),
       (594, '2023-03-17 06:09:42.189491', '2023-03-17 06:09:42.189491', 'la_gi', 'Thị xã La Gi', 'La Gi Town', 'La Gi',
        'La Gi', 60),
       (595, '2023-03-17 06:09:42.189491', '2023-03-17 06:09:42.189491', 'tuy_phong', 'Huyện Tuy Phong',
        'Tuy Phong District', 'Tuy Phong', 'Tuy Phong', 60),
       (596, '2023-03-17 06:09:42.189491', '2023-03-17 06:09:42.189491', 'bac_binh', 'Huyện Bắc Bình',
        'Bac Binh District', 'Bắc Bình', 'Bac Binh', 60),
       (597, '2023-03-17 06:09:42.189491', '2023-03-17 06:09:42.189491', 'ham_thuan_bac', 'Huyện Hàm Thuận Bắc',
        'Ham Thuan Bac District', 'Hàm Thuận Bắc', 'Ham Thuan Bac', 60),
       (598, '2023-03-17 06:09:42.189491', '2023-03-17 06:09:42.189491', 'ham_thuan_nam', 'Huyện Hàm Thuận Nam',
        'Ham Thuan Nam District', 'Hàm Thuận Nam', 'Ham Thuan Nam', 60),
       (599, '2023-03-17 06:09:42.189491', '2023-03-17 06:09:42.189491', 'tanh_linh', 'Huyện Tánh Linh',
        'Tanh Linh District', 'Tánh Linh', 'Tanh Linh', 60),
       (600, '2023-03-17 06:09:42.189491', '2023-03-17 06:09:42.189491', 'duc_linh', 'Huyện Đức Linh',
        'Duc Linh District', 'Đức Linh', 'Duc Linh', 60),
       (601, '2023-03-17 06:09:42.189491', '2023-03-17 06:09:42.189491', 'ham_tan', 'Huyện Hàm Tân', 'Ham Tan District',
        'Hàm Tân', 'Ham Tan', 60),
       (602, '2023-03-17 06:09:42.209359', '2023-03-17 06:09:42.209359', 'phu_qui', 'Huyện Phú Quí', 'Phu Qui District',
        'Phú Quí', 'Phu Qui', 60),
       (608, '2023-03-17 06:09:42.209359', '2023-03-17 06:09:42.209359', 'kon_tum', 'Thành phố Kon Tum', 'Kon Tum City',
        'Kon Tum', 'Kon Tum', 62),
       (610, '2023-03-17 06:09:42.209359', '2023-03-17 06:09:42.209359', 'dak_glei', 'Huyện Đắk Glei',
        'Dak Glei District', 'Đắk Glei', 'Dak Glei', 62),
       (611, '2023-03-17 06:09:42.209359', '2023-03-17 06:09:42.209359', 'ngoc_hoi', 'Huyện Ngọc Hồi',
        'Ngoc Hoi District', 'Ngọc Hồi', 'Ngoc Hoi', 62),
       (612, '2023-03-17 06:09:42.209359', '2023-03-17 06:09:42.209359', 'dak_to', 'Huyện Đắk Tô', 'Dak To District',
        'Đắk Tô', 'Dak To', 62),
       (613, '2023-03-17 06:09:42.209359', '2023-03-17 06:09:42.209359', 'kon_plong', 'Huyện Kon Plông',
        'Kon Plong District', 'Kon Plông', 'Kon Plong', 62),
       (614, '2023-03-17 06:09:42.209359', '2023-03-17 06:09:42.209359', 'kon_ray', 'Huyện Kon Rẫy', 'Kon Ray District',
        'Kon Rẫy', 'Kon Ray', 62),
       (615, '2023-03-17 06:09:42.209359', '2023-03-17 06:09:42.209359', 'dak_ha', 'Huyện Đắk Hà', 'Dak Ha District',
        'Đắk Hà', 'Dak Ha', 62),
       (616, '2023-03-17 06:09:42.209359', '2023-03-17 06:09:42.209359', 'sa_thay', 'Huyện Sa Thầy', 'Sa Thay District',
        'Sa Thầy', 'Sa Thay', 62),
       (617, '2023-03-17 06:09:42.209359', '2023-03-17 06:09:42.209359', 'tu_mo_rong', 'Huyện Tu Mơ Rông',
        'Tu Mo Rong District', 'Tu Mơ Rông', 'Tu Mo Rong', 62),
       (618, '2023-03-17 06:09:42.223757', '2023-03-17 06:09:42.223757', 'ia_h''_drai', 'Huyện Ia H'' Drai',
        'Ia H'' Drai District', 'Ia H'' Drai', 'Ia H'' Drai', 62),
       (622, '2023-03-17 06:09:42.223757', '2023-03-17 06:09:42.223757', 'pleiku', 'Thành phố Pleiku', 'Pleiku City',
        'Pleiku', 'Pleiku', 64),
       (623, '2023-03-17 06:09:42.223757', '2023-03-17 06:09:42.223757', 'an_khe', 'Thị xã An Khê', 'An Khe Town',
        'An Khê', 'An Khe', 64),
       (624, '2023-03-17 06:09:42.223757', '2023-03-17 06:09:42.223757', 'ayun_pa', 'Thị xã Ayun Pa', 'Ayun Pa Town',
        'Ayun Pa', 'Ayun Pa', 64),
       (625, '2023-03-17 06:09:42.223757', '2023-03-17 06:09:42.223757', 'kbang', 'Huyện KBang', 'KBang District',
        'KBang', 'KBang', 64),
       (626, '2023-03-17 06:09:42.223757', '2023-03-17 06:09:42.223757', 'dak_doa', 'Huyện Đăk Đoa', 'Dak Doa District',
        'Đăk Đoa', 'Dak Doa', 64),
       (627, '2023-03-17 06:09:42.223757', '2023-03-17 06:09:42.223757', 'chu_pah', 'Huyện Chư Păh', 'Chu Pah District',
        'Chư Păh', 'Chu Pah', 64),
       (628, '2023-03-17 06:09:42.223757', '2023-03-17 06:09:42.223757', 'ia_grai', 'Huyện Ia Grai', 'Ia Grai District',
        'Ia Grai', 'Ia Grai', 64),
       (629, '2023-03-17 06:09:42.223757', '2023-03-17 06:09:42.223757', 'mang_yang', 'Huyện Mang Yang',
        'Mang Yang District', 'Mang Yang', 'Mang Yang', 64),
       (630, '2023-03-17 06:09:42.223757', '2023-03-17 06:09:42.223757', 'kong_chro', 'Huyện Kông Chro',
        'Kong Chro District', 'Kông Chro', 'Kong Chro', 64),
       (631, '2023-03-17 06:09:42.237248', '2023-03-17 06:09:42.237248', 'duc_co', 'Huyện Đức Cơ', 'Duc Co District',
        'Đức Cơ', 'Duc Co', 64),
       (632, '2023-03-17 06:09:42.237248', '2023-03-17 06:09:42.237248', 'chu_prong', 'Huyện Chư Prông',
        'Chu Prong District', 'Chư Prông', 'Chu Prong', 64),
       (633, '2023-03-17 06:09:42.237248', '2023-03-17 06:09:42.237248', 'chu_se', 'Huyện Chư Sê', 'Chu Se District',
        'Chư Sê', 'Chu Se', 64),
       (634, '2023-03-17 06:09:42.237248', '2023-03-17 06:09:42.237248', 'dak_po', 'Huyện Đăk Pơ', 'Dak Po District',
        'Đăk Pơ', 'Dak Po', 64),
       (635, '2023-03-17 06:09:42.237248', '2023-03-17 06:09:42.237248', 'ia_pa', 'Huyện Ia Pa', 'Ia Pa District',
        'Ia Pa', 'Ia Pa', 64),
       (637, '2023-03-17 06:09:42.237248', '2023-03-17 06:09:42.237248', 'krong_pa', 'Huyện Krông Pa',
        'Krong Pa District', 'Krông Pa', 'Krong Pa', 64),
       (638, '2023-03-17 06:09:42.237248', '2023-03-17 06:09:42.237248', 'phu_thien', 'Huyện Phú Thiện',
        'Phu Thien District', 'Phú Thiện', 'Phu Thien', 64),
       (639, '2023-03-17 06:09:42.237248', '2023-03-17 06:09:42.237248', 'chu_puh', 'Huyện Chư Pưh', 'Chu Puh District',
        'Chư Pưh', 'Chu Puh', 64),
       (643, '2023-03-17 06:09:42.237248', '2023-03-17 06:09:42.237248', 'buon_ma_thuot', 'Thành phố Buôn Ma Thuột',
        'Buon Ma Thuot City', 'Buôn Ma Thuột', 'Buon Ma Thuot', 66),
       (644, '2023-03-17 06:09:42.237248', '2023-03-17 06:09:42.237248', 'buon_ho', 'Thị xã Buôn Hồ', 'Buon Ho Town',
        'Buôn Hồ', 'Buon Ho', 66),
       (645, '2023-03-17 06:09:42.252811', '2023-03-17 06:09:42.252811', 'ea_h''leo', 'Huyện Ea H''leo',
        'Ea H''leo District', 'Ea H''leo', 'Ea H''leo', 66),
       (646, '2023-03-17 06:09:42.252811', '2023-03-17 06:09:42.252811', 'ea_sup', 'Huyện Ea Súp', 'Ea Sup District',
        'Ea Súp', 'Ea Sup', 66),
       (647, '2023-03-17 06:09:42.252811', '2023-03-17 06:09:42.252811', 'buon_don', 'Huyện Buôn Đôn',
        'Buon Don District', 'Buôn Đôn', 'Buon Don', 66),
       (648, '2023-03-17 06:09:42.252811', '2023-03-17 06:09:42.252811', 'cu_m''gar', 'Huyện Cư M''gar',
        'Cu M''gar District', 'Cư M''gar', 'Cu M''gar', 66),
       (649, '2023-03-17 06:09:42.252811', '2023-03-17 06:09:42.252811', 'krong_buk', 'Huyện Krông Búk',
        'Krong Buk District', 'Krông Búk', 'Krong Buk', 66),
       (650, '2023-03-17 06:09:42.252811', '2023-03-17 06:09:42.252811', 'krong_nang', 'Huyện Krông Năng',
        'Krong Nang District', 'Krông Năng', 'Krong Nang', 66),
       (651, '2023-03-17 06:09:42.252811', '2023-03-17 06:09:42.252811', 'ea_kar', 'Huyện Ea Kar', 'Ea Kar District',
        'Ea Kar', 'Ea Kar', 66),
       (652, '2023-03-17 06:09:42.252811', '2023-03-17 06:09:42.252811', 'm''drak', 'Huyện M''Đrắk', 'M''Drak District',
        'M''Đrắk', 'M''Drak', 66),
       (653, '2023-03-17 06:09:42.252811', '2023-03-17 06:09:42.252811', 'krong_bong', 'Huyện Krông Bông',
        'Krong Bong District', 'Krông Bông', 'Krong Bong', 66),
       (654, '2023-03-17 06:09:42.252811', '2023-03-17 06:09:42.252811', 'krong_pac', 'Huyện Krông Pắc',
        'Krong Pac District', 'Krông Pắc', 'Krong Pac', 66),
       (655, '2023-03-17 06:09:42.264885', '2023-03-17 06:09:42.264885', 'krong_a_na', 'Huyện Krông A Na',
        'Krong A Na District', 'Krông A Na', 'Krong A Na', 66),
       (656, '2023-03-17 06:09:42.264885', '2023-03-17 06:09:42.264885', 'lak', 'Huyện Lắk', 'Lak District', 'Lắk',
        'Lak', 66),
       (657, '2023-03-17 06:09:42.264885', '2023-03-17 06:09:42.264885', 'cu_kuin', 'Huyện Cư Kuin', 'Cu Kuin District',
        'Cư Kuin', 'Cu Kuin', 66),
       (660, '2023-03-17 06:09:42.264885', '2023-03-17 06:09:42.264885', 'gia_nghia', 'Thành phố Gia Nghĩa',
        'Gia Nghia City', 'Gia Nghĩa', 'Gia Nghia', 67),
       (661, '2023-03-17 06:09:42.264885', '2023-03-17 06:09:42.264885', 'dak_glong', 'Huyện Đăk Glong',
        'Dak Glong District', 'Đăk Glong', 'Dak Glong', 67),
       (662, '2023-03-17 06:09:42.264885', '2023-03-17 06:09:42.264885', 'cu_jut', 'Huyện Cư Jút', 'Cu Jut District',
        'Cư Jút', 'Cu Jut', 67),
       (663, '2023-03-17 06:09:42.264885', '2023-03-17 06:09:42.264885', 'dak_mil', 'Huyện Đắk Mil', 'Dak Mil District',
        'Đắk Mil', 'Dak Mil', 67),
       (664, '2023-03-17 06:09:42.264885', '2023-03-17 06:09:42.264885', 'krong_no', 'Huyện Krông Nô',
        'Krong No District', 'Krông Nô', 'Krong No', 67),
       (665, '2023-03-17 06:09:42.264885', '2023-03-17 06:09:42.264885', 'dak_song', 'Huyện Đắk Song',
        'Dak Song District', 'Đắk Song', 'Dak Song', 67),
       (666, '2023-03-17 06:09:42.264885', '2023-03-17 06:09:42.264885', 'dak_r''lap', 'Huyện Đắk R''Lấp',
        'Dak R''Lap District', 'Đắk R''Lấp', 'Dak R''Lap', 67),
       (667, '2023-03-17 06:09:42.276349', '2023-03-17 06:09:42.276349', 'tuy_duc', 'Huyện Tuy Đức', 'Tuy Duc District',
        'Tuy Đức', 'Tuy Duc', 67),
       (672, '2023-03-17 06:09:42.276349', '2023-03-17 06:09:42.276349', 'da_lat', 'Thành phố Đà Lạt', 'Da Lat City',
        'Đà Lạt', 'Da Lat', 68),
       (673, '2023-03-17 06:09:42.276349', '2023-03-17 06:09:42.276349', 'bao_loc', 'Thành phố Bảo Lộc', 'Bao Loc City',
        'Bảo Lộc', 'Bao Loc', 68),
       (674, '2023-03-17 06:09:42.276349', '2023-03-17 06:09:42.276349', 'dam_rong', 'Huyện Đam Rông',
        'Dam Rong District', 'Đam Rông', 'Dam Rong', 68),
       (675, '2023-03-17 06:09:42.276349', '2023-03-17 06:09:42.276349', 'lac_duong', 'Huyện Lạc Dương',
        'Lac Duong District', 'Lạc Dương', 'Lac Duong', 68),
       (676, '2023-03-17 06:09:42.276349', '2023-03-17 06:09:42.276349', 'lam_ha', 'Huyện Lâm Hà', 'Lam Ha District',
        'Lâm Hà', 'Lam Ha', 68),
       (677, '2023-03-17 06:09:42.276349', '2023-03-17 06:09:42.276349', 'don_duong', 'Huyện Đơn Dương',
        'Don Duong District', 'Đơn Dương', 'Don Duong', 68),
       (678, '2023-03-17 06:09:42.276349', '2023-03-17 06:09:42.276349', 'duc_trong', 'Huyện Đức Trọng',
        'Duc Trong District', 'Đức Trọng', 'Duc Trong', 68),
       (679, '2023-03-17 06:09:42.276349', '2023-03-17 06:09:42.276349', 'di_linh', 'Huyện Di Linh', 'Di Linh District',
        'Di Linh', 'Di Linh', 68),
       (680, '2023-03-17 06:09:42.276349', '2023-03-17 06:09:42.276349', 'bao_lam', 'Huyện Bảo Lâm', 'Bao Lam District',
        'Bảo Lâm', 'Bao Lam', 68),
       (681, '2023-03-17 06:09:42.285231', '2023-03-17 06:09:42.285231', 'da_huoai', 'Huyện Đạ Huoai',
        'Da Huoai District', 'Đạ Huoai', 'Da Huoai', 68),
       (682, '2023-03-17 06:09:42.285231', '2023-03-17 06:09:42.285231', 'da_teh', 'Huyện Đạ Tẻh', 'Da Teh District',
        'Đạ Tẻh', 'Da Teh', 68),
       (683, '2023-03-17 06:09:42.285231', '2023-03-17 06:09:42.285231', 'cat_tien', 'Huyện Cát Tiên',
        'Cat Tien District', 'Cát Tiên', 'Cat Tien', 68),
       (688, '2023-03-17 06:09:42.285231', '2023-03-17 06:09:42.285231', 'phuoc_long', 'Thị xã Phước Long',
        'Phuoc Long Town', 'Phước Long', 'Phuoc Long', 70),
       (689, '2023-03-17 06:09:42.285231', '2023-03-17 06:09:42.285231', 'dong_xoai', 'Thành phố Đồng Xoài',
        'Dong Xoai City', 'Đồng Xoài', 'Dong Xoai', 70),
       (690, '2023-03-17 06:09:42.285231', '2023-03-17 06:09:42.285231', 'binh_long', 'Thị xã Bình Long',
        'Binh Long Town', 'Bình Long', 'Binh Long', 70),
       (691, '2023-03-17 06:09:42.285231', '2023-03-17 06:09:42.285231', 'bu_gia_map', 'Huyện Bù Gia Mập',
        'Bu Gia Map District', 'Bù Gia Mập', 'Bu Gia Map', 70),
       (692, '2023-03-17 06:09:42.285231', '2023-03-17 06:09:42.285231', 'loc_ninh', 'Huyện Lộc Ninh',
        'Loc Ninh District', 'Lộc Ninh', 'Loc Ninh', 70),
       (693, '2023-03-17 06:09:42.285231', '2023-03-17 06:09:42.285231', 'bu_dop', 'Huyện Bù Đốp', 'Bu Dop District',
        'Bù Đốp', 'Bu Dop', 70),
       (694, '2023-03-17 06:09:42.285231', '2023-03-17 06:09:42.285231', 'hon_quan', 'Huyện Hớn Quản',
        'Hon Quan District', 'Hớn Quản', 'Hon Quan', 70),
       (695, '2023-03-17 06:09:42.296633', '2023-03-17 06:09:42.296633', 'dong_phu', 'Huyện Đồng Phú',
        'Dong Phu District', 'Đồng Phú', 'Dong Phu', 70),
       (696, '2023-03-17 06:09:42.296633', '2023-03-17 06:09:42.296633', 'bu_dang', 'Huyện Bù Đăng', 'Bu Dang District',
        'Bù Đăng', 'Bu Dang', 70),
       (697, '2023-03-17 06:09:42.296633', '2023-03-17 06:09:42.296633', 'chon_thanh', 'Thị xã Chơn Thành',
        'Chon Thanh Town', 'Chơn Thành', 'Chon Thanh', 70),
       (698, '2023-03-17 06:09:42.296633', '2023-03-17 06:09:42.296633', 'phu_rieng', 'Huyện Phú Riềng',
        'Phu Rieng District', 'Phú Riềng', 'Phu Rieng', 70),
       (703, '2023-03-17 06:09:42.296633', '2023-03-17 06:09:42.296633', 'tay_ninh', 'Thành phố Tây Ninh',
        'Tay Ninh City', 'Tây Ninh', 'Tay Ninh', 72),
       (705, '2023-03-17 06:09:42.296633', '2023-03-17 06:09:42.296633', 'tan_bien', 'Huyện Tân Biên',
        'Tan Bien District', 'Tân Biên', 'Tan Bien', 72),
       (706, '2023-03-17 06:09:42.296633', '2023-03-17 06:09:42.296633', 'tan_chau', 'Huyện Tân Châu',
        'Tan Chau District', 'Tân Châu', 'Tan Chau', 72),
       (707, '2023-03-17 06:09:42.296633', '2023-03-17 06:09:42.296633', 'duong_minh_chau ', 'Huyện Dương Minh Châu',
        'Duong Minh ', 'Dương Minh Châu', 'Duong Minh Chau', 72),
       (708, '2023-03-17 06:09:42.296633', '2023-03-17 06:09:42.296633', 'chau_thanh', 'Huyện Châu Thành',
        'Chau Thanh District', 'Châu Thành', 'Chau Thanh', 72),
       (709, '2023-03-17 06:09:42.296633', '2023-03-17 06:09:42.296633', 'hoa_thanh', 'Thị xã Hòa Thành',
        'Hoa Thanh Town', 'Hòa Thành', 'Hoa Thanh', 72),
       (710, '2023-03-17 06:09:41.924732', '2023-03-17 06:09:41.924732', 'go_dau', 'Huyện Gò Dầu', 'Go Dau District',
        'Gò Dầu', 'Go Dau', 72),
       (711, '2023-03-17 06:09:42.316304', '2023-03-17 06:09:42.316304', 'ben_cau', 'Huyện Bến Cầu', 'Ben Cau District',
        'Bến Cầu', 'Ben Cau', 72),
       (712, '2023-03-17 06:09:42.316304', '2023-03-17 06:09:42.316304', 'trang_bang', 'Thị xã Trảng Bàng',
        'Trang Bang Town', 'Trảng Bàng', 'Trang Bang', 72),
       (718, '2023-03-17 06:09:42.316304', '2023-03-17 06:09:42.316304', 'thu_dau_mot', 'Thành phố Thủ Dầu Một',
        'Thu Dau Mot City', 'Thủ Dầu Một', 'Thu Dau Mot', 74),
       (719, '2023-03-17 06:09:42.316304', '2023-03-17 06:09:42.316304', 'bau_bang', 'Huyện Bàu Bàng',
        'Bau Bang District', 'Bàu Bàng', 'Bau Bang', 74),
       (720, '2023-03-17 06:09:42.316304', '2023-03-17 06:09:42.316304', 'dau_tieng', 'Huyện Dầu Tiếng',
        'Dau Tieng District', 'Dầu Tiếng', 'Dau Tieng', 74),
       (721, '2023-03-17 06:09:42.316304', '2023-03-17 06:09:42.316304', 'ben_cat', 'Thị xã Bến Cát', 'Ben Cat Town',
        'Bến Cát', 'Ben Cat', 74),
       (722, '2023-03-17 06:09:42.316304', '2023-03-17 06:09:42.316304', 'phu_giao', 'Huyện Phú Giáo',
        'Phu Giao District', 'Phú Giáo', 'Phu Giao', 74),
       (723, '2023-03-17 06:09:42.316304', '2023-03-17 06:09:42.316304', 'tan_uyen', 'Thị xã Tân Uyên', 'Tan Uyen Town',
        'Tân Uyên', 'Tan Uyen', 74),
       (724, '2023-03-17 06:09:42.316304', '2023-03-17 06:09:42.316304', 'di_an', 'Thành phố Dĩ An', 'Di An City',
        'Dĩ An', 'Di An', 74),
       (725, '2023-03-17 06:09:41.526855', '2023-03-17 06:09:41.526855', 'thuan_an', 'Thành phố Thuận An',
        'Thuan An City', 'Thuận An', 'Thuan An', 74),
       (726, '2023-03-17 06:09:42.316304', '2023-03-17 06:09:42.316304', 'bac_tan_uyen', 'Huyện Bắc Tân Uyên',
        'Bac Tan Uyen District', 'Bắc Tân Uyên', 'Bac Tan Uyen', 74),
       (731, '2023-03-17 06:09:42.330433', '2023-03-17 06:09:42.330433', 'bien_hoa', 'Thành phố Biên Hòa',
        'Bien Hoa City', 'Biên Hòa', 'Bien Hoa', 75),
       (732, '2023-03-17 06:09:42.330433', '2023-03-17 06:09:42.330433', 'long_khanh', 'Thành phố Long Khánh',
        'Long Khanh City', 'Long Khánh', 'Long Khanh', 75),
       (734, '2023-03-17 06:09:42.330433', '2023-03-17 06:09:42.330433', 'tan_phu', 'Huyện Tân Phú', 'Tan Phu District',
        'Tân Phú', 'Tan Phu', 75),
       (735, '2023-03-17 06:09:42.330433', '2023-03-17 06:09:42.330433', 'vinh_cuu', 'Huyện Vĩnh Cửu',
        'Vinh Cuu District', 'Vĩnh Cửu', 'Vinh Cuu', 75),
       (736, '2023-03-17 06:09:42.330433', '2023-03-17 06:09:42.330433', 'dinh_quan', 'Huyện Định Quán',
        'Dinh Quan District', 'Định Quán', 'Dinh Quan', 75),
       (737, '2023-03-17 06:09:42.330433', '2023-03-17 06:09:42.330433', 'trang_bom', 'Huyện Trảng Bom',
        'Trang Bom District', 'Trảng Bom', 'Trang Bom', 75),
       (738, '2023-03-17 06:09:42.330433', '2023-03-17 06:09:42.330433', 'thong_nhat', 'Huyện Thống Nhất',
        'Thong Nhat District', 'Thống Nhất', 'Thong Nhat', 75),
       (739, '2023-03-17 06:09:42.330433', '2023-03-17 06:09:42.330433', 'cam_my', 'Huyện Cẩm Mỹ', 'Cam My District',
        'Cẩm Mỹ', 'Cam My', 75),
       (740, '2023-03-17 06:09:42.330433', '2023-03-17 06:09:42.330433', 'long_thanh', 'Huyện Long Thành',
        'Long Thanh District', 'Long Thành', 'Long Thanh', 75),
       (741, '2023-03-17 06:09:42.330433', '2023-03-17 06:09:42.330433', 'xuan_loc', 'Huyện Xuân Lộc',
        'Xuan Loc District', 'Xuân Lộc', 'Xuan Loc', 75),
       (742, '2023-03-17 06:09:42.345261', '2023-03-17 06:09:42.345261', 'nhon_trach', 'Huyện Nhơn Trạch',
        'Nhon Trach District', 'Nhơn Trạch', 'Nhon Trach', 75),
       (747, '2023-03-17 06:09:42.345261', '2023-03-17 06:09:42.345261', 'vung_tau', 'Thành phố Vũng Tàu',
        'Vung Tau City', 'Vũng Tàu', 'Vung Tau', 77),
       (748, '2023-03-17 06:09:42.345261', '2023-03-17 06:09:42.345261', 'ba_ria', 'Thành phố Bà Rịa', 'Ba Ria City',
        'Bà Rịa', 'Ba Ria', 77),
       (750, '2023-03-17 06:09:42.345261', '2023-03-17 06:09:42.345261', 'chau_duc', 'Huyện Châu Đức',
        'Chau Duc District', 'Châu Đức', 'Chau Duc', 77),
       (751, '2023-03-17 06:09:42.345261', '2023-03-17 06:09:42.345261', 'xuyen_moc', 'Huyện Xuyên Mộc',
        'Xuyen Moc District', 'Xuyên Mộc', 'Xuyen Moc', 77),
       (752, '2023-03-17 06:09:42.345261', '2023-03-17 06:09:42.345261', 'long_dien', 'Huyện Long Điền',
        'Long Dien District', 'Long Điền', 'Long Dien', 77),
       (753, '2023-03-17 06:09:42.345261', '2023-03-17 06:09:42.345261', 'dat_do', 'Huyện Đất Đỏ', 'Dat Do District',
        'Đất Đỏ', 'Dat Do', 77),
       (754, '2023-03-17 06:09:42.345261', '2023-03-17 06:09:42.345261', 'phu_my', 'Thị xã Phú Mỹ', 'Phu My Town',
        'Phú Mỹ', 'Phu My', 77),
       (755, '2023-03-17 06:09:42.345261', '2023-03-17 06:09:42.345261', 'con_dao', 'Huyện Côn Đảo', 'Con Dao District',
        'Côn Đảo', 'Con Dao', 77),
       (760, '2023-03-17 06:09:41.508031', '2023-03-17 06:09:41.508031', '1', 'Quận 1', 'District 1', '1', '1', 79),
       (761, '2023-03-17 06:09:41.508031', '2023-03-17 06:09:41.508031', '12', 'Quận 12', 'District 12', '12', '12',
        79),
       (764, '2023-03-17 06:09:42.345261', '2023-03-17 06:09:42.345261', 'go_vap', 'Quận Gò Vấp', 'Go Vap District',
        'Gò Vấp', 'Go Vap', 79),
       (765, '2023-03-17 06:09:42.357329', '2023-03-17 06:09:42.357329', 'binh_thanh', 'Quận Bình Thạnh',
        'Binh Thanh District', 'Bình Thạnh', 'Binh Thanh', 79),
       (766, '2023-03-17 06:09:42.357329', '2023-03-17 06:09:42.357329', 'tan_binh', 'Quận Tân Bình',
        'Tan Binh District', 'Tân Bình', 'Tan Binh', 79),
       (767, '2023-03-17 06:09:42.357329', '2023-03-17 06:09:42.357329', 'tan_phu', 'Quận Tân Phú', 'Tan Phu District',
        'Tân Phú', 'Tan Phu', 79),
       (768, '2023-03-17 06:09:42.357329', '2023-03-17 06:09:42.357329', 'phu_nhuan', 'Quận Phú Nhuận',
        'Phu Nhuan District', 'Phú Nhuận', 'Phu Nhuan', 79),
       (769, '2023-03-17 06:09:42.676610', '2023-03-17 06:09:42.676610', 'thu_duc', 'Thành phố Thủ Đức', 'Thu Duc City',
        'Thủ Đức', 'Thu Duc', 79),
       (770, '2023-03-17 06:09:41.508031', '2023-03-17 06:09:41.508031', '3', 'Quận 3', 'District 3', '3', '3', 79),
       (771, '2023-03-17 06:09:41.508031', '2023-03-17 06:09:41.508031', '10', 'Quận 10', 'District 10', '10', '10',
        79),
       (772, '2023-03-17 06:09:41.508031', '2023-03-17 06:09:41.508031', '11', 'Quận 11', 'District 11', '11', '11',
        79),
       (773, '2023-03-17 06:09:41.508031', '2023-03-17 06:09:41.508031', '4', 'Quận 4', 'District 4', '4', '4', 79),
       (774, '2023-03-17 06:09:41.508031', '2023-03-17 06:09:41.508031', '5', 'Quận 5', 'District 5', '5', '5', 79),
       (775, '2023-03-17 06:09:41.508031', '2023-03-17 06:09:41.508031', '6', 'Quận 6', 'District 6', '6', '6', 79),
       (776, '2023-03-17 06:09:41.508031', '2023-03-17 06:09:41.508031', '8', 'Quận 8', 'District 8', '8', '8', 79),
       (777, '2023-03-17 06:09:42.357329', '2023-03-17 06:09:42.357329', 'binh_tan', 'Quận Bình Tân',
        'Binh Tan District', 'Bình Tân', 'Binh Tan', 79),
       (778, '2023-03-17 06:09:41.508031', '2023-03-17 06:09:41.508031', '7', 'Quận 7', 'District 7', '7', '7', 79),
       (783, '2023-03-17 06:09:42.357329', '2023-03-17 06:09:42.357329', 'cu_chi', 'Huyện Củ Chi', 'Cu Chi District',
        'Củ Chi', 'Cu Chi', 79),
       (784, '2023-03-17 06:09:42.357329', '2023-03-17 06:09:42.357329', 'hoc_mon', 'Huyện Hóc Môn', 'Hoc Mon District',
        'Hóc Môn', 'Hoc Mon', 79),
       (785, '2023-03-17 06:09:42.357329', '2023-03-17 06:09:42.357329', 'binh_chanh', 'Huyện Bình Chánh',
        'Binh Chanh District', 'Bình Chánh', 'Binh Chanh', 79),
       (786, '2023-03-17 06:09:42.357329', '2023-03-17 06:09:42.357329', 'nha_be', 'Huyện Nhà Bè', 'Nha Be District',
        'Nhà Bè', 'Nha Be', 79),
       (787, '2023-03-17 06:09:42.357329', '2023-03-17 06:09:42.357329', 'can_gio', 'Huyện Cần Giờ', 'Can Gio District',
        'Cần Giờ', 'Can Gio', 79),
       (794, '2023-03-17 06:09:42.370616', '2023-03-17 06:09:42.370616', 'tan_an', 'Thành phố Tân An', 'Tan An City',
        'Tân An', 'Tan An', 80),
       (795, '2023-03-17 06:09:42.370616', '2023-03-17 06:09:42.370616', 'kien_tuong', 'Thị xã Kiến Tường',
        'Kien Tuong Town', 'Kiến Tường', 'Kien Tuong', 80),
       (796, '2023-03-17 06:09:42.370616', '2023-03-17 06:09:42.370616', 'tan_hung', 'Huyện Tân Hưng',
        'Tan Hung District', 'Tân Hưng', 'Tan Hung', 80),
       (797, '2023-03-17 06:09:42.370616', '2023-03-17 06:09:42.370616', 'vinh_hung', 'Huyện Vĩnh Hưng',
        'Vinh Hung District', 'Vĩnh Hưng', 'Vinh Hung', 80),
       (798, '2023-03-17 06:09:42.370616', '2023-03-17 06:09:42.370616', 'moc_hoa', 'Huyện Mộc Hóa', 'Moc Hoa District',
        'Mộc Hóa', 'Moc Hoa', 80),
       (799, '2023-03-17 06:09:42.370616', '2023-03-17 06:09:42.370616', 'tan_thanh', 'Huyện Tân Thạnh',
        'Tan Thanh District', 'Tân Thạnh', 'Tan Thanh', 80),
       (800, '2023-03-17 06:09:42.370616', '2023-03-17 06:09:42.370616', 'thanh_hoa', 'Huyện Thạnh Hóa',
        'Thanh Hoa District', 'Thạnh Hóa', 'Thanh Hoa', 80),
       (801, '2023-03-17 06:09:42.370616', '2023-03-17 06:09:42.370616', 'duc_hue', 'Huyện Đức Huệ', 'Duc Hue District',
        'Đức Huệ', 'Duc Hue', 80),
       (802, '2023-03-17 06:09:42.370616', '2023-03-17 06:09:42.370616', 'duc_hoa', 'Huyện Đức Hòa', 'Duc Hoa District',
        'Đức Hòa', 'Duc Hoa', 80),
       (803, '2023-03-17 06:09:42.370616', '2023-03-17 06:09:42.370616', 'ben_luc', 'Huyện Bến Lức', 'Ben Luc District',
        'Bến Lức', 'Ben Luc', 80),
       (804, '2023-03-17 06:09:42.383768', '2023-03-17 06:09:42.383768', 'thu_thua', 'Huyện Thủ Thừa',
        'Thu Thua District', 'Thủ Thừa', 'Thu Thua', 80),
       (805, '2023-03-17 06:09:42.383768', '2023-03-17 06:09:42.383768', 'tan_tru', 'Huyện Tân Trụ', 'Tan Tru District',
        'Tân Trụ', 'Tan Tru', 80),
       (806, '2023-03-17 06:09:42.383768', '2023-03-17 06:09:42.383768', 'can_duoc', 'Huyện Cần Đước',
        'Can Duoc District', 'Cần Đước', 'Can Duoc', 80),
       (807, '2023-03-17 06:09:42.383768', '2023-03-17 06:09:42.383768', 'can_giuoc', 'Huyện Cần Giuộc',
        'Can Giuoc District', 'Cần Giuộc', 'Can Giuoc', 80),
       (808, '2023-03-17 06:09:42.383768', '2023-03-17 06:09:42.383768', 'chau_thanh', 'Huyện Châu Thành',
        'Chau Thanh District', 'Châu Thành', 'Chau Thanh', 80),
       (815, '2023-03-17 06:09:42.383768', '2023-03-17 06:09:42.383768', 'my_tho', 'Thành phố Mỹ Tho', 'My Tho City',
        'Mỹ Tho', 'My Tho', 82),
       (816, '2023-03-17 06:09:42.383768', '2023-03-17 06:09:42.383768', 'go_cong', 'Thị xã Gò Công', 'Go Cong Town',
        'Gò Công', 'Go Cong', 82),
       (817, '2023-03-17 06:09:42.383768', '2023-03-17 06:09:42.383768', 'cai_lay', 'Thị xã Cai Lậy', 'Cai Lay Town',
        'Cai Lậy', 'Cai Lay', 82),
       (818, '2023-03-17 06:09:42.383768', '2023-03-17 06:09:42.383768', 'tan_phuoc', 'Huyện Tân Phước',
        'Tan Phuoc District', 'Tân Phước', 'Tan Phuoc', 82),
       (819, '2023-03-17 06:09:42.383768', '2023-03-17 06:09:42.383768', 'cai_be', 'Huyện Cái Bè', 'Cai Be District',
        'Cái Bè', 'Cai Be', 82),
       (820, '2023-03-17 06:09:42.411359', '2023-03-17 06:09:42.411359', 'cai_lay', 'Huyện Cai Lậy', 'Cai Lay District',
        'Cai Lậy', 'Cai Lay', 82),
       (821, '2023-03-17 06:09:42.411359', '2023-03-17 06:09:42.411359', 'chau_thanh', 'Huyện Châu Thành',
        'Chau Thanh District', 'Châu Thành', 'Chau Thanh', 82),
       (822, '2023-03-17 06:09:42.411359', '2023-03-17 06:09:42.411359', 'cho_gao', 'Huyện Chợ Gạo', 'Cho Gao District',
        'Chợ Gạo', 'Cho Gao', 82),
       (823, '2023-03-17 06:09:42.411359', '2023-03-17 06:09:42.411359', 'go_cong_tay', 'Huyện Gò Công Tây',
        'Go Cong Tay District', 'Gò Công Tây', 'Go Cong Tay', 82),
       (824, '2023-03-17 06:09:42.411359', '2023-03-17 06:09:42.411359', 'go_cong_dong', 'Huyện Gò Công Đông',
        'Go Cong Dong District', 'Gò Công Đông', 'Go Cong Dong', 82),
       (825, '2023-03-17 06:09:42.411359', '2023-03-17 06:09:42.411359', 'tan_phu_dong', 'Huyện Tân Phú Đông',
        'Tan Phu Dong District', 'Tân Phú Đông', 'Tan Phu Dong', 82),
       (829, '2023-03-17 06:09:42.411359', '2023-03-17 06:09:42.411359', 'ben_tre', 'Thành phố Bến Tre', 'Ben Tre City',
        'Bến Tre', 'Ben Tre', 83),
       (831, '2023-03-17 06:09:42.411359', '2023-03-17 06:09:42.411359', 'chau_thanh', 'Huyện Châu Thành',
        'Chau Thanh District', 'Châu Thành', 'Chau Thanh', 83),
       (832, '2023-03-17 06:09:42.411359', '2023-03-17 06:09:42.411359', 'cho_lach', 'Huyện Chợ Lách',
        'Cho Lach District', 'Chợ Lách', 'Cho Lach', 83),
       (833, '2023-03-17 06:09:42.411359', '2023-03-17 06:09:42.411359', 'mo_cay_nam', 'Huyện Mỏ Cày Nam',
        'Mo Cay Nam District', 'Mỏ Cày Nam', 'Mo Cay Nam', 83),
       (834, '2023-03-17 06:09:42.461007', '2023-03-17 06:09:42.461007', 'giong_trom', 'Huyện Giồng Trôm',
        'Giong Trom District', 'Giồng Trôm', 'Giong Trom', 83),
       (835, '2023-03-17 06:09:42.461007', '2023-03-17 06:09:42.461007', 'binh_dai', 'Huyện Bình Đại',
        'Binh Dai District', 'Bình Đại', 'Binh Dai', 83),
       (836, '2023-03-17 06:09:42.461007', '2023-03-17 06:09:42.461007', 'ba_tri', 'Huyện Ba Tri', 'Ba Tri District',
        'Ba Tri', 'Ba Tri', 83),
       (837, '2023-03-17 06:09:42.461007', '2023-03-17 06:09:42.461007', 'thanh_phu', 'Huyện Thạnh Phú',
        'Thanh Phu District', 'Thạnh Phú', 'Thanh Phu', 83),
       (838, '2023-03-17 06:09:42.461007', '2023-03-17 06:09:42.461007', 'mo_cay_bac', 'Huyện Mỏ Cày Bắc',
        'Mo Cay Bac District', 'Mỏ Cày Bắc', 'Mo Cay Bac', 83),
       (842, '2023-03-17 06:09:42.461007', '2023-03-17 06:09:42.461007', 'tra_vinh', 'Thành phố Trà Vinh',
        'Tra Vinh City', 'Trà Vinh', 'Tra Vinh', 84),
       (844, '2023-03-17 06:09:42.461007', '2023-03-17 06:09:42.461007', 'cang_long', 'Huyện Càng Long',
        'Cang Long District', 'Càng Long', 'Cang Long', 84),
       (845, '2023-03-17 06:09:42.461007', '2023-03-17 06:09:42.461007', 'cau_ke', 'Huyện Cầu Kè', 'Cau Ke District',
        'Cầu Kè', 'Cau Ke', 84),
       (846, '2023-03-17 06:09:42.461007', '2023-03-17 06:09:42.461007', 'tieu_can', 'Huyện Tiểu Cần',
        'Tieu Can District', 'Tiểu Cần', 'Tieu Can', 84),
       (847, '2023-03-17 06:09:42.461007', '2023-03-17 06:09:42.461007', 'chau_thanh', 'Huyện Châu Thành',
        'Chau Thanh District', 'Châu Thành', 'Chau Thanh', 84),
       (848, '2023-03-17 06:09:42.474439', '2023-03-17 06:09:42.474439', 'cau_ngang', 'Huyện Cầu Ngang',
        'Cau Ngang District', 'Cầu Ngang', 'Cau Ngang', 84),
       (849, '2023-03-17 06:09:42.474439', '2023-03-17 06:09:42.474439', 'tra_cu', 'Huyện Trà Cú', 'Tra Cu District',
        'Trà Cú', 'Tra Cu', 84),
       (850, '2023-03-17 06:09:42.474439', '2023-03-17 06:09:42.474439', 'duyen_hai', 'Huyện Duyên Hải',
        'Duyen Hai District', 'Duyên Hải', 'Duyen Hai', 84),
       (851, '2023-03-17 06:09:42.474439', '2023-03-17 06:09:42.474439', 'duyen_hai', 'Thị xã Duyên Hải',
        'Duyen Hai Town', 'Duyên Hải', 'Duyen Hai', 84),
       (855, '2023-03-17 06:09:42.474439', '2023-03-17 06:09:42.474439', 'vinh_long', 'Thành phố Vĩnh Long',
        'Vinh Long City', 'Vĩnh Long', 'Vinh Long', 86),
       (857, '2023-03-17 06:09:42.474439', '2023-03-17 06:09:42.474439', 'long_ho', 'Huyện Long Hồ', 'Long Ho District',
        'Long Hồ', 'Long Ho', 86),
       (858, '2023-03-17 06:09:42.474439', '2023-03-17 06:09:42.474439', 'mang_thit', 'Huyện Mang Thít',
        'Mang Thit District', 'Mang Thít', 'Mang Thit', 86),
       (859, '2023-03-17 06:09:42.474439', '2023-03-17 06:09:42.474439', 'vung_liem', 'Huyện Vũng Liêm',
        'Vung Liem District', 'Vũng Liêm', 'Vung Liem', 86),
       (860, '2023-03-17 06:09:42.474439', '2023-03-17 06:09:42.474439', 'tam_binh', 'Huyện Tam Bình',
        'Tam Binh District', 'Tam Bình', 'Tam Binh', 86),
       (861, '2023-03-17 06:09:42.474439', '2023-03-17 06:09:42.474439', 'binh_minh', 'Thị xã Bình Minh',
        'Binh Minh Town', 'Bình Minh', 'Binh Minh', 86),
       (862, '2023-03-17 06:09:42.517430', '2023-03-17 06:09:42.517430', 'tra_on', 'Huyện Trà Ôn', 'Tra On District',
        'Trà Ôn', 'Tra On', 86),
       (863, '2023-03-17 06:09:42.517430', '2023-03-17 06:09:42.517430', 'binh_tan', 'Huyện Bình Tân',
        'Binh Tan District', 'Bình Tân', 'Binh Tan', 86),
       (866, '2023-03-17 06:09:42.517430', '2023-03-17 06:09:42.517430', 'cao_lanh', 'Thành phố Cao Lãnh',
        'Cao Lanh City', 'Cao Lãnh', 'Cao Lanh', 87),
       (867, '2023-03-17 06:09:42.517430', '2023-03-17 06:09:42.517430', 'sa_dec', 'Thành phố Sa Đéc', 'Sa Dec City',
        'Sa Đéc', 'Sa Dec', 87),
       (868, '2023-03-17 06:09:42.517430', '2023-03-17 06:09:42.517430', 'hong_ngu', 'Thành phố Hồng Ngự',
        'Hong Ngu City', 'Hồng Ngự', 'Hong Ngu', 87),
       (869, '2023-03-17 06:09:42.517430', '2023-03-17 06:09:42.517430', 'tan_hong', 'Huyện Tân Hồng',
        'Tan Hong District', 'Tân Hồng', 'Tan Hong', 87),
       (870, '2023-03-17 06:09:42.517430', '2023-03-17 06:09:42.517430', 'hong_ngu', 'Huyện Hồng Ngự',
        'Hong Ngu District', 'Hồng Ngự', 'Hong Ngu', 87),
       (871, '2023-03-17 06:09:42.517430', '2023-03-17 06:09:42.517430', 'tam_nong', 'Huyện Tam Nông',
        'Tam Nong District', 'Tam Nông', 'Tam Nong', 87),
       (872, '2023-03-17 06:09:42.517430', '2023-03-17 06:09:42.517430', 'thap_muoi', 'Huyện Tháp Mười',
        'Thap Muoi District', 'Tháp Mười', 'Thap Muoi', 87),
       (873, '2023-03-17 06:09:42.517430', '2023-03-17 06:09:42.517430', 'cao_lanh', 'Huyện Cao Lãnh',
        'Cao Lanh District', 'Cao Lãnh', 'Cao Lanh', 87),
       (874, '2023-03-17 06:09:42.552079', '2023-03-17 06:09:42.552079', 'thanh_binh', 'Huyện Thanh Bình',
        'Thanh Binh District', 'Thanh Bình', 'Thanh Binh', 87),
       (875, '2023-03-17 06:09:42.552079', '2023-03-17 06:09:42.552079', 'lap_vo', 'Huyện Lấp Vò', 'Lap Vo District',
        'Lấp Vò', 'Lap Vo', 87),
       (876, '2023-03-17 06:09:42.552079', '2023-03-17 06:09:42.552079', 'lai_vung', 'Huyện Lai Vung',
        'Lai Vung District', 'Lai Vung', 'Lai Vung', 87),
       (877, '2023-03-17 06:09:42.552079', '2023-03-17 06:09:42.552079', 'chau_thanh', 'Huyện Châu Thành',
        'Chau Thanh District', 'Châu Thành', 'Chau Thanh', 87),
       (883, '2023-03-17 06:09:42.552079', '2023-03-17 06:09:42.552079', 'long_xuyen', 'Thành phố Long Xuyên',
        'Long Xuyen City', 'Long Xuyên', 'Long Xuyen', 89),
       (884, '2023-03-17 06:09:42.552079', '2023-03-17 06:09:42.552079', 'chau_doc', 'Thành phố Châu Đốc',
        'Chau Doc City', 'Châu Đốc', 'Chau Doc', 89),
       (886, '2023-03-17 06:09:42.552079', '2023-03-17 06:09:42.552079', 'an_phu', 'Huyện An Phú', 'An Phu District',
        'An Phú', 'An Phu', 89),
       (887, '2023-03-17 06:09:42.552079', '2023-03-17 06:09:42.552079', 'tan_chau', 'Thị xã Tân Châu', 'Tan Chau Town',
        'Tân Châu', 'Tan Chau', 89),
       (888, '2023-03-17 06:09:42.552079', '2023-03-17 06:09:42.552079', 'phu_tan', 'Huyện Phú Tân', 'Phu Tan District',
        'Phú Tân', 'Phu Tan', 89),
       (889, '2023-03-17 06:09:42.552079', '2023-03-17 06:09:42.552079', 'chau_phu', 'Huyện Châu Phú',
        'Chau Phu District', 'Châu Phú', 'Chau Phu', 89),
       (890, '2023-03-17 06:09:42.569432', '2023-03-17 06:09:42.569432', 'tinh_bien', 'Huyện Tịnh Biên',
        'Tinh Bien District', 'Tịnh Biên', 'Tinh Bien', 89),
       (891, '2023-03-17 06:09:42.569432', '2023-03-17 06:09:42.569432', 'tri_ton', 'Huyện Tri Tôn', 'Tri Ton District',
        'Tri Tôn', 'Tri Ton', 89),
       (892, '2023-03-17 06:09:42.569432', '2023-03-17 06:09:42.569432', 'chau_thanh', 'Huyện Châu Thành',
        'Chau Thanh District', 'Châu Thành', 'Chau Thanh', 89),
       (893, '2023-03-17 06:09:42.569432', '2023-03-17 06:09:42.569432', 'cho_moi', 'Huyện Chợ Mới', 'Cho Moi District',
        'Chợ Mới', 'Cho Moi', 89),
       (894, '2023-03-17 06:09:42.569432', '2023-03-17 06:09:42.569432', 'thoai_son', 'Huyện Thoại Sơn',
        'Thoai Son District', 'Thoại Sơn', 'Thoai Son', 89),
       (899, '2023-03-17 06:09:42.569432', '2023-03-17 06:09:42.569432', 'rach_gia', 'Thành phố Rạch Giá',
        'Rach Gia City', 'Rạch Giá', 'Rach Gia', 91),
       (900, '2023-03-17 06:09:42.569432', '2023-03-17 06:09:42.569432', 'ha_tien', 'Thành phố Hà Tiên', 'Ha Tien City',
        'Hà Tiên', 'Ha Tien', 91),
       (902, '2023-03-17 06:09:42.569432', '2023-03-17 06:09:42.569432', 'kien_luong', 'Huyện Kiên Lương',
        'Kien Luong District', 'Kiên Lương', 'Kien Luong', 91),
       (903, '2023-03-17 06:09:42.569432', '2023-03-17 06:09:42.569432', 'hon_dat', 'Huyện Hòn Đất', 'Hon Dat District',
        'Hòn Đất', 'Hon Dat', 91),
       (904, '2023-03-17 06:09:42.569432', '2023-03-17 06:09:42.569432', 'tan_hiep', 'Huyện Tân Hiệp',
        'Tan Hiep District', 'Tân Hiệp', 'Tan Hiep', 91),
       (905, '2023-03-17 06:09:42.590069', '2023-03-17 06:09:42.590069', 'chau_thanh', 'Huyện Châu Thành',
        'Chau Thanh District', 'Châu Thành', 'Chau Thanh', 91),
       (906, '2023-03-17 06:09:42.590069', '2023-03-17 06:09:42.590069', 'giong_rieng', 'Huyện Giồng Riềng',
        'Giong Rieng District', 'Giồng Riềng', 'Giong Rieng', 91),
       (907, '2023-03-17 06:09:42.590069', '2023-03-17 06:09:42.590069', 'go_quao', 'Huyện Gò Quao', 'Go Quao District',
        'Gò Quao', 'Go Quao', 91),
       (908, '2023-03-17 06:09:42.590069', '2023-03-17 06:09:42.590069', 'an_bien', 'Huyện An Biên', 'An Bien District',
        'An Biên', 'An Bien', 91),
       (909, '2023-03-17 06:09:42.590069', '2023-03-17 06:09:42.590069', 'an_minh', 'Huyện An Minh', 'An Minh District',
        'An Minh', 'An Minh', 91),
       (910, '2023-03-17 06:09:42.590069', '2023-03-17 06:09:42.590069', 'vinh_thuan', 'Huyện Vĩnh Thuận',
        'Vinh Thuan District', 'Vĩnh Thuận', 'Vinh Thuan', 91),
       (911, '2023-03-17 06:09:42.590069', '2023-03-17 06:09:42.590069', 'phu_quoc', 'Thành phố Phú Quốc',
        'Phu Quoc City', 'Phú Quốc', 'Phu Quoc', 91),
       (912, '2023-03-17 06:09:42.590069', '2023-03-17 06:09:42.590069', 'kien_hai', 'Huyện Kiên Hải',
        'Kien Hai District', 'Kiên Hải', 'Kien Hai', 91),
       (913, '2023-03-17 06:09:42.590069', '2023-03-17 06:09:42.590069', 'u_minh_thuong', 'Huyện U Minh Thượng',
        'U Minh Thuong District', 'U Minh Thượng', 'U Minh Thuong', 91),
       (914, '2023-03-17 06:09:42.590069', '2023-03-17 06:09:42.590069', 'giang_thanh', 'Huyện Giang Thành',
        'Giang Thanh District', 'Giang Thành', 'Giang Thanh', 91),
       (916, '2023-03-17 06:09:42.612087', '2023-03-17 06:09:42.612087', 'ninh_kieu', 'Quận Ninh Kiều',
        'Ninh Kieu District', 'Ninh Kiều', 'Ninh Kieu', 92),
       (917, '2023-03-17 06:09:42.612087', '2023-03-17 06:09:42.612087', 'o_mon', 'Quận Ô Môn', 'O Mon District',
        'Ô Môn', 'O Mon', 92),
       (918, '2023-03-17 06:09:42.612087', '2023-03-17 06:09:42.612087', 'binh_thuy', 'Quận Bình Thuỷ',
        'Binh Thuy District', 'Bình Thuỷ', 'Binh Thuy', 92),
       (919, '2023-03-17 06:09:42.612087', '2023-03-17 06:09:42.612087', 'cai_rang', 'Quận Cái Răng',
        'Cai Rang District', 'Cái Răng', 'Cai Rang', 92),
       (923, '2023-03-17 06:09:42.612087', '2023-03-17 06:09:42.612087', 'thot_not', 'Quận Thốt Nốt',
        'Thot Not District', 'Thốt Nốt', 'Thot Not', 92),
       (924, '2023-03-17 06:09:42.612087', '2023-03-17 06:09:42.612087', 'vinh_thanh', 'Huyện Vĩnh Thạnh',
        'Vinh Thanh District', 'Vĩnh Thạnh', 'Vinh Thanh', 92),
       (925, '2023-03-17 06:09:42.612087', '2023-03-17 06:09:42.612087', 'co_do', 'Huyện Cờ Đỏ', 'Co Do District',
        'Cờ Đỏ', 'Co Do', 92),
       (926, '2023-03-17 06:09:42.612087', '2023-03-17 06:09:42.612087', 'phong_dien', 'Huyện Phong Điền',
        'Phong Dien District', 'Phong Điền', 'Phong Dien', 92),
       (927, '2023-03-17 06:09:42.612087', '2023-03-17 06:09:42.612087', 'thoi_lai', 'Huyện Thới Lai',
        'Thoi Lai District', 'Thới Lai', 'Thoi Lai', 92),
       (930, '2023-03-17 06:09:42.612087', '2023-03-17 06:09:42.612087', 'vi_thanh', 'Thành phố Vị Thanh',
        'Vi Thanh City', 'Vị Thanh', 'Vi Thanh', 93),
       (931, '2023-03-17 06:09:42.627046', '2023-03-17 06:09:42.627046', 'nga_bay', 'Thành phố Ngã Bảy', 'Nga Bay City',
        'Ngã Bảy', 'Nga Bay', 93),
       (932, '2023-03-17 06:09:42.627046', '2023-03-17 06:09:42.627046', 'chau_thanh_a', 'Huyện Châu Thành A',
        'Chau Thanh A District', 'Châu Thành A', 'Chau Thanh A', 93),
       (933, '2023-03-17 06:09:42.627046', '2023-03-17 06:09:42.627046', 'chau_thanh', 'Huyện Châu Thành',
        'Chau Thanh District', 'Châu Thành', 'Chau Thanh', 93),
       (934, '2023-03-17 06:09:42.627046', '2023-03-17 06:09:42.627046', 'phung_hiep', 'Huyện Phụng Hiệp',
        'Phung Hiep District', 'Phụng Hiệp', 'Phung Hiep', 93),
       (935, '2023-03-17 06:09:42.627046', '2023-03-17 06:09:42.627046', 'vi_thuy', 'Huyện Vị Thuỷ', 'Vi Thuy District',
        'Vị Thuỷ', 'Vi Thuy', 93),
       (936, '2023-03-17 06:09:42.627046', '2023-03-17 06:09:42.627046', 'long_my', 'Huyện Long Mỹ', 'Long My District',
        'Long Mỹ', 'Long My', 93),
       (937, '2023-03-17 06:09:42.627046', '2023-03-17 06:09:42.627046', 'long_my', 'Thị xã Long Mỹ', 'Long My Town',
        'Long Mỹ', 'Long My', 93),
       (941, '2023-03-17 06:09:42.627046', '2023-03-17 06:09:42.627046', 'soc_trang', 'Thành phố Sóc Trăng',
        'Soc Trang City', 'Sóc Trăng', 'Soc Trang', 94),
       (942, '2023-03-17 06:09:42.627046', '2023-03-17 06:09:42.627046', 'chau_thanh', 'Huyện Châu Thành',
        'Chau Thanh District', 'Châu Thành', 'Chau Thanh', 94),
       (943, '2023-03-17 06:09:42.627046', '2023-03-17 06:09:42.627046', 'ke_sach', 'Huyện Kế Sách', 'Ke Sach District',
        'Kế Sách', 'Ke Sach', 94),
       (944, '2023-03-17 06:09:42.644117', '2023-03-17 06:09:42.644117', 'my_tu', 'Huyện Mỹ Tú', 'My Tu District',
        'Mỹ Tú', 'My Tu', 94),
       (945, '2023-03-17 06:09:42.644117', '2023-03-17 06:09:42.644117', 'cu_lao_dung', 'Huyện Cù Lao Dung',
        'Cu Lao Dung District', 'Cù Lao Dung', 'Cu Lao Dung', 94),
       (946, '2023-03-17 06:09:42.644117', '2023-03-17 06:09:42.644117', 'long_phu', 'Huyện Long Phú',
        'Long Phu District', 'Long Phú', 'Long Phu', 94),
       (947, '2023-03-17 06:09:42.644117', '2023-03-17 06:09:42.644117', 'my_xuyen', 'Huyện Mỹ Xuyên',
        'My Xuyen District', 'Mỹ Xuyên', 'My Xuyen', 94),
       (948, '2023-03-17 06:09:42.644117', '2023-03-17 06:09:42.644117', 'nga_nam', 'Thị xã Ngã Năm', 'Nga Nam Town',
        'Ngã Năm', 'Nga Nam', 94),
       (949, '2023-03-17 06:09:42.644117', '2023-03-17 06:09:42.644117', 'thanh_tri', 'Huyện Thạnh Trị',
        'Thanh Tri District', 'Thạnh Trị', 'Thanh Tri', 94),
       (950, '2023-03-17 06:09:42.644117', '2023-03-17 06:09:42.644117', 'vinh_chau', 'Thị xã Vĩnh Châu',
        'Vinh Chau Town', 'Vĩnh Châu', 'Vinh Chau', 94),
       (951, '2023-03-17 06:09:42.644117', '2023-03-17 06:09:42.644117', 'tran_de', 'Huyện Trần Đề', 'Tran De District',
        'Trần Đề', 'Tran De', 94),
       (954, '2023-03-17 06:09:42.644117', '2023-03-17 06:09:42.644117', 'bac_lieu', 'Thành phố Bạc Liêu',
        'Bac Lieu City', 'Bạc Liêu', 'Bac Lieu', 95),
       (956, '2023-03-17 06:09:42.644117', '2023-03-17 06:09:42.644117', 'hong_dan', 'Huyện Hồng Dân',
        'Hong Dan District', 'Hồng Dân', 'Hong Dan', 95),
       (957, '2023-03-17 06:09:42.661484', '2023-03-17 06:09:42.661484', 'phuoc_long', 'Huyện Phước Long',
        'Phuoc Long District', 'Phước Long', 'Phuoc Long', 95),
       (958, '2023-03-17 06:09:42.661484', '2023-03-17 06:09:42.661484', 'vinh_loi', 'Huyện Vĩnh Lợi',
        'Vinh Loi District', 'Vĩnh Lợi', 'Vinh Loi', 95),
       (959, '2023-03-17 06:09:42.661484', '2023-03-17 06:09:42.661484', 'gia_rai', 'Thị xã Giá Rai', 'Gia Rai Town',
        'Giá Rai', 'Gia Rai', 95),
       (960, '2023-03-17 06:09:42.661484', '2023-03-17 06:09:42.661484', 'dong_hai', 'Huyện Đông Hải',
        'Dong Hai District', 'Đông Hải', 'Dong Hai', 95),
       (961, '2023-03-17 06:09:42.661484', '2023-03-17 06:09:42.661484', 'hoa_binh', 'Huyện Hoà Bình',
        'Hoa Binh District', 'Hoà Bình', 'Hoa Binh', 95),
       (964, '2023-03-17 06:09:42.661484', '2023-03-17 06:09:42.661484', 'ca_mau', 'Thành phố Cà Mau', 'Ca Mau City',
        'Cà Mau', 'Ca Mau', 96),
       (966, '2023-03-17 06:09:42.661484', '2023-03-17 06:09:42.661484', 'u_minh', 'Huyện U Minh', 'U Minh District',
        'U Minh', 'U Minh', 96),
       (967, '2023-03-17 06:09:42.661484', '2023-03-17 06:09:42.661484', 'thoi_binh', 'Huyện Thới Bình',
        'Thoi Binh District', 'Thới Bình', 'Thoi Binh', 96),
       (968, '2023-03-17 06:09:42.661484', '2023-03-17 06:09:42.661484', 'tran_van_thoi', 'Huyện Trần Văn Thời',
        'Tran Van Thoi District', 'Trần Văn Thời', 'Tran Van Thoi', 96),
       (969, '2023-03-17 06:09:42.661484', '2023-03-17 06:09:42.661484', 'cai_nuoc', 'Huyện Cái Nước',
        'Cai Nuoc District', 'Cái Nước', 'Cai Nuoc', 96),
       (970, '2023-03-17 06:09:42.676610', '2023-03-17 06:09:42.676610', 'dam_doi', 'Huyện Đầm Dơi', 'Dam Doi District',
        'Đầm Dơi', 'Dam Doi', 96),
       (971, '2023-03-17 06:09:42.676610', '2023-03-17 06:09:42.676610', 'nam_can', 'Huyện Năm Căn', 'Nam Can District',
        'Năm Căn', 'Nam Can', 96),
       (972, '2023-03-17 06:09:42.676610', '2023-03-17 06:09:42.676610', 'phu_tan', 'Huyện Phú Tân', 'Phu Tan District',
        'Phú Tân', 'Phu Tan', 96),
       (973, '2023-03-17 06:09:42.676610', '2023-03-17 06:09:42.676610', 'ngoc_hien', 'Huyện Ngọc Hiển',
        'Ngoc Hien District', 'Ngọc Hiển', 'Ngoc Hien', 96);

#region: CINEMA

INSERT INTO capstone.cinema (id, total_cinema_hall, created_at, updated_at, image, name)
VALUES (1, 0, '2024-06-27 07:54:55.000000', '2024-06-27 07:54:55.000000',
        'https://static.mservice.io/placebrand/s/momo-upload-api-190709165424-636982880641515855.jpg', 'CGV'),
       (2, 0, '2024-06-27 07:54:55.000000', '2024-06-27 07:54:55.000000',
        'https://homepage.momocdn.net/blogscontents/momo-upload-api-210604170617-637584231772974269.png',
        'Lotte Cinema'),
       (3, 0, '2024-06-27 07:54:55.000000', '2024-06-27 07:54:55.000000',
        'https://homepage.momocdn.net/cinema/momo-upload-api-211123095138-637732578984425272.png', 'Galaxy Cinema'),
       (4, 0, '2024-06-27 07:54:55.000000', '2024-06-27 07:54:55.000000',
        'https://homepage.momocdn.net/blogscontents/momo-upload-api-210604170453-637584230934981809.png', 'BHD Star'),
       (5, 0, '2024-06-27 07:54:55.000000', '2024-06-27 07:54:55.000000',
        'https://homepage.momocdn.net/cinema/momo-upload-api-210813104719-637644484394328824.png', 'Beta Cinemas'),
       (6, 0, '2024-06-27 07:54:55.000000', '2024-06-27 07:54:55.000000',
        'https://homepage.momocdn.net/blogscontents/momo-upload-api-210604170530-637584231309495829.png', 'Cinestar'),
       (7, 0, '2024-06-27 07:54:55.000000', '2024-06-27 07:54:55.000000',
        'https://homepage.momocdn.net/blogscontents/momo-upload-api-210604170511-637584231119272266.png', 'Mega GS'),
       (8, 0, '2024-06-27 07:54:55.000000', '2024-06-27 07:54:55.000000',
        'https://homepage.momocdn.net/blogscontents/momo-upload-api-210604170530-637584231309495829.png', 'DCINE'),
       (9, 0, '2024-06-27 07:54:55.000000', '2024-06-27 07:54:55.000000',
        'https://homepage.momocdn.net/cinema/momo-upload-api-221108100132-638034984925107129.png', 'Cinemax');

#region: CINEMA_PROVINCES

INSERT INTO capstone.cinema_provinces (cinema_id, province_id)
VALUES (1, 79),
       (2, 79),
       (3, 79),
       (4, 79),
       (5, 79),
       (6, 79),
       (7, 79),
       (8, 79),
       (9, 79);

#region: BRANCH

INSERT INTO capstone.branch (cinema_id, distance, district_id, id, lat, lon, rating, total_cineplex_hall, created_at,
                             updated_at, address, avatar, link, logo, name)
VALUES (1, NULL, 774, 1, 10.76, 106.66, 4.50, NULL, '2023-03-20 12:17:38.634027', '2023-03-20 12:17:38.634027',
        'Tầng 7 | Hùng Vương Plaza 126 Hùng Vương Quận 5 Tp. Hồ Chí Minh',
        'https://homepage.momocdn.net/default/s/no-image-momo.jpg', NULL,
        'https://app.momo.vn/icon/momo_app_v2/img/app_icon/ic_cgv.png', 'CGV Hùng Vương Plaza'),
       (1, NULL, 766, 2, 10.81, 106.67, 4.50, NULL, '2023-03-20 12:17:38.634027', '2023-03-20 12:17:38.634027',
        'Tầng 10, CT Plaza, 60A Trường Sơn, Phường 2 Quận Tân Bình, Tp. Hồ Chí Minh',
        'https://homepage.momocdn.net/default/s/no-image-momo.jpg', NULL,
        'https://app.momo.vn/icon/momo_app_v2/img/app_icon/ic_cgv.png', 'CGV Trường Sơn'),
       (1, NULL, 767, 3, 10.80, 106.62, 4.50, NULL, '2023-03-20 12:17:38.634027', '2023-03-20 12:17:38.634027',
        'Lầu 3, Aeon Mall 30 Bờ Bao Tân Thắng, P. Sơn Kỳ Quận Tân Phú TP. Hồ Chí Minh',
        'https://homepage.momocdn.net/default/s/no-image-momo.jpg', NULL,
        'https://app.momo.vn/icon/momo_app_v2/img/app_icon/ic_cgv.png', 'CGV Aeon Tân Phú'),
       (1, NULL, 766, 4, 10.80, 106.66, 4.50, NULL, '2023-03-20 12:17:38.634027', '2023-03-20 12:17:38.634027',
        'Tầng 1 và 2, Gala Center, số 415, Hoàng Văn Thụ, Phường 2, Quận Tân Bình, TPHCM',
        'https://homepage.momocdn.net/default/s/no-image-momo.jpg', NULL,
        'https://app.momo.vn/icon/momo_app_v2/img/app_icon/ic_cgv.png', 'CGV Hoàng Văn Thụ'),
       (1, NULL, 777, 5, 10.75, 106.61, 4.50, NULL, '2023-03-20 12:17:38.634027', '2023-03-20 12:17:38.634027',
        'Tầng 3, Trung tâm thương mại Aeon Mall Bình Tân, Số 1 đường số 17A, khu phố 11, phường Bình Trị Đông B, quận Bình Tân, TPHCM',
        'https://homepage.momocdn.net/default/s/no-image-momo.jpg', NULL,
        'https://app.momo.vn/icon/momo_app_v2/img/app_icon/ic_cgv.png', 'CGV Aeon Bình Tân'),
       (1, NULL, 765, 6, 10.82, 106.71, 4.50, NULL, '2023-03-20 12:17:38.634027', '2023-03-20 12:17:38.634027',
        'Tầng 4-5, Saigonres Plaza, 79/81 Nguyễn Xí, P 26, Q Bình Thạnh',
        'https://homepage.momocdn.net/default/s/no-image-momo.jpg', NULL,
        'https://app.momo.vn/icon/momo_app_v2/img/app_icon/ic_cgv.png', 'CGV Saigonres Nguyễn Xí'),
       (1, NULL, 783, 7, 10.98, 106.58, 4.50, NULL, '2023-03-20 12:17:38.634027', '2023-03-20 12:17:38.634027',
        'Tầng 3, TTTM Satra Củ Chi, Số 1239, Tỉnh Lộ 8, Ấp Thạnh An, Xã Trung An, Huyện Củ Chi, TP.HCM',
        'https://homepage.momocdn.net/default/s/no-image-momo.jpg', NULL,
        'https://app.momo.vn/icon/momo_app_v2/img/app_icon/ic_cgv.png', 'CGV Satra Củ Chi'),
       (1, NULL, 770, 8, 10.79, 106.69, 4.50, NULL, '2023-03-20 12:17:38.634027', '2023-03-20 12:17:38.634027',
        'Tầng 3 | Tòa nhà Terra Royal, số 83 đường Lý Chính Thắng, phường 8, quận 3, thành phố Hồ Chí Minh',
        'https://homepage.momocdn.net/default/s/no-image-momo.jpg', NULL,
        'https://app.momo.vn/icon/momo_app_v2/img/app_icon/ic_cgv.png', 'CGV Lý Chính Thắng'),
       (1, NULL, 767, 9, 10.81, 106.63, 4.50, NULL, '2023-03-20 12:17:38.634027', '2023-03-20 12:17:38.634027',
        'Tầng 3 | Pandora City Shopping Centre, số 1/1 đường Trường Chinh, quận Tân Phú, thành phố Hồ Chí Minh',
        'https://homepage.momocdn.net/default/s/no-image-momo.jpg', NULL,
        'https://app.momo.vn/icon/momo_app_v2/img/app_icon/ic_cgv.png', 'CGV Pandora City'),
       (1, NULL, 769, 10, 10.83, 106.72, 4.50, NULL, '2023-03-20 12:17:38.634027', '2023-03-20 12:17:38.634027',
        'Tầng 6 | Gigamall, số 240-242 đường Phạm Văn Đồng, phường Hiệp Bình Chánh, quận Thủ Đức',
        'https://homepage.momocdn.net/default/s/no-image-momo.jpg', NULL,
        'https://app.momo.vn/icon/momo_app_v2/img/app_icon/ic_cgv.png', 'CGV Giga Mall Thủ Đức'),
       (1, NULL, 778, 11, 10.73, 106.72, 4.50, NULL, '2023-03-20 12:17:38.634027', '2023-03-20 12:17:38.634027',
        'Tầng 5 | Crescent Mall, số 101 đường Tôn Dật Tiên, phường Tân Phú, quận 7, thành phố Hồ Chí Minh',
        'https://homepage.momocdn.net/default/s/no-image-momo.jpg', NULL,
        'https://app.momo.vn/icon/momo_app_v2/img/app_icon/ic_cgv.png', 'CGV Crescent Mall'),
       (1, NULL, 769, 12, 10.80, 106.73, 4.50, NULL, '2023-03-20 12:17:38.634027', '2023-03-20 12:17:38.634027',
        '12 đường Quốc Hương, Thảo Điền, Quận 2, Thành phố Hồ Chí Minh',
        'https://homepage.momocdn.net/default/s/no-image-momo.jpg', NULL,
        'https://app.momo.vn/icon/momo_app_v2/img/app_icon/ic_cgv.png', 'CGV Thảo Điền Pearl'),
       (1, NULL, 760, 13, 10.77, 106.70, 4.50, NULL, '2023-03-20 12:17:38.634027', '2023-03-20 12:17:38.634027',
        'Tầng M, 1 | Khách sạn Liberty Center Saigon Citypoint, Số 59 - 61 đường Pasteur, quận 1,Hồ Chí Minh',
        'https://homepage.momocdn.net/default/s/no-image-momo.jpg', NULL,
        'https://app.momo.vn/icon/momo_app_v2/img/app_icon/ic_cgv.png', 'CGV Liberty Citypoint'),
       (1, NULL, 778, 14, 10.73, 106.70, 4.50, NULL, '2023-03-20 12:17:38.634027', '2023-03-20 12:17:38.634027',
        'Tầng 5 | Trung tâm thương mại SC VivoCity, số 1058 đường Nguyễn Văn Linh, quận 7, thành phố Hồ Chí Minh',
        'https://homepage.momocdn.net/default/s/no-image-momo.jpg', NULL,
        'https://app.momo.vn/icon/momo_app_v2/img/app_icon/ic_cgv.png', 'CGV Vivo City'),
       (1, NULL, 765, 15, 10.80, 106.72, 4.50, NULL, '2023-03-20 12:17:38.634027', '2023-03-20 12:17:38.634027',
        'Tầng 5 | Pearl Plaza, số 561A đường Điện Biên Phủ, phường 25, quận Bình Thạnh, thành phố Hồ Chí Minh',
        'https://homepage.momocdn.net/default/s/no-image-momo.jpg', NULL,
        'https://app.momo.vn/icon/momo_app_v2/img/app_icon/ic_cgv.png', 'CGV Pearl Plaza'),
       (1, NULL, 760, 16, 10.78, 106.70, 4.50, NULL, '2023-03-20 12:17:38.634027', '2023-03-20 12:17:38.634027',
        'Tầng 3 | Vincom Center Đồng Khởi, số 72 Lê Thánh Tôn, quận 1, thành phố Hồ Chí Minh',
        'https://homepage.momocdn.net/default/s/no-image-momo.jpg', NULL,
        'https://app.momo.vn/icon/momo_app_v2/img/app_icon/ic_cgv.png', 'CGV Vincom Đồng Khởi'),
       (1, NULL, 771, 17, 10.77, 106.67, 4.50, NULL, '2023-03-20 12:17:38.634027', '2023-03-20 12:17:38.634027',
        'Tầng 6, Vạn Hạnh Mall, 11 Sư Vạn Hạnh, Phường 12, Quận 10',
        'https://homepage.momocdn.net/default/s/no-image-momo.jpg', NULL,
        'https://app.momo.vn/icon/momo_app_v2/img/app_icon/ic_cgv.png', 'CGV Sư Vạn Hạnh'),
       (1, NULL, 769, 18, 10.85, 106.77, 4.50, NULL, '2023-03-20 12:17:38.634027', '2023-03-20 12:17:38.634027',
        'Tầng 5 | Vincom Plaza Thủ Đức, số 216 Võ Văn Ngân, phường Bình Thọ, quận Thủ Đức, thành phố Hồ Chí Minh',
        'https://homepage.momocdn.net/default/s/no-image-momo.jpg', NULL,
        'https://app.momo.vn/icon/momo_app_v2/img/app_icon/ic_cgv.png', 'CGV Vincom Thủ Đức'),
       (1, NULL, 765, 19, 10.80, 106.72, 4.50, NULL, '2023-03-20 12:17:38.634027', '2023-03-20 12:17:38.634027',
        'Tầng B1 | Vincom Center Landmark 81, số 772 đường Điện Biên Phủ, phường 22, quận Bình Thạnh, thành phố Hồ Chí Minh',
        'https://homepage.momocdn.net/default/s/no-image-momo.jpg', NULL,
        'https://app.momo.vn/icon/momo_app_v2/img/app_icon/ic_cgv.png', 'CGV Vincom Center Landmark 81'),
       (1, NULL, 764, 20, 10.83, 106.69, 4.50, NULL, '2023-03-20 12:17:38.634027', '2023-03-20 12:17:38.634027',
        'Tầng 5 TTTM Vincom Plaza Gò Vấp, 12 Phan Văn Trị, Phường 7, Quận Gò Vấp',
        'https://homepage.momocdn.net/default/s/no-image-momo.jpg', NULL,
        'https://app.momo.vn/icon/momo_app_v2/img/app_icon/ic_cgv.png', 'CGV Vincom Gò Vấp'),
       (2, NULL, 760, 21, 106.68, 10.76, 4.50, NULL, '2023-03-20 12:17:38.634027', '2023-03-20 12:17:38.634027',
        'Tầng 5, TTTM Nowzone, 235 Nguyễn Văn Cừ, P.Nguyễn Cư Trinh, Quận 1',
        'https://homepage.momocdn.net/default/s/no-image-momo.jpg', NULL,
        'https://homepage.momocdn.net/blogscontents/momo-upload-api-210604170617-637584231772974269.png',
        'Lotte Nowzone'),
       (2, NULL, 772, 22, 106.66, 10.76, 4.50, NULL, '2023-03-20 12:17:38.634027', '2023-03-20 12:17:38.634027',
        'Tầng 4 Lotte Mart Phú Thọ, Số 968 đường Ba Tháng Hai, P.15, Quận 11',
        'https://homepage.momocdn.net/default/s/no-image-momo.jpg', NULL,
        'https://homepage.momocdn.net/blogscontents/momo-upload-api-210604170617-637584231772974269.png',
        'Lotte Phú Thọ'),
       (2, NULL, 769, 23, 106.76, 10.84, 4.50, NULL, '2023-03-20 12:17:38.634027', '2023-03-20 12:17:38.634027',
        'Tầng 2 Moonlight Residences, Số 102 Đặng Văn Bi, P. Bình Thọ, Quận Thủ Đức',
        'https://homepage.momocdn.net/default/s/no-image-momo.jpg', NULL,
        'https://homepage.momocdn.net/blogscontents/momo-upload-api-210604170617-637584231772974269.png',
        'Lotte Moonlight'),
       (2, NULL, 769, 24, 106.77, 10.87, 4.50, NULL, '2023-03-20 12:17:38.634027', '2023-03-20 12:17:38.634027',
        'Tầng 2 Joy Citipoint, KCX Linh Trung, KP4, P. Linh Trung, Quận Thủ Đức',
        'https://homepage.momocdn.net/default/s/no-image-momo.jpg', NULL,
        'https://homepage.momocdn.net/blogscontents/momo-upload-api-210604170617-637584231772974269.png',
        'Lotte Thủ Đức'),
       (2, NULL, 764, 25, 106.67, 10.84, 4.50, NULL, '2023-03-20 12:17:38.634027', '2023-03-20 12:17:38.634027',
        'Tầng 3, Lotte Mart Gò Vấp, 242 Nguyễn Văn Lượng, Quận Gò Vấp',
        'https://homepage.momocdn.net/default/s/no-image-momo.jpg', NULL,
        'https://homepage.momocdn.net/blogscontents/momo-upload-api-210604170617-637584231772974269.png',
        'Lotte Gò Vấp'),
       (2, NULL, 769, 26, 106.75, 10.80, 4.50, NULL, '2023-03-20 12:17:38.634027', '2023-03-20 12:17:38.634027',
        'Tầng 7, Cantavil Premier, Số 1 đường Song Hành, Xa lộ Hà Nội, P.An Phú, Quận 2',
        'https://homepage.momocdn.net/default/s/no-image-momo.jpg', NULL,
        'https://homepage.momocdn.net/blogscontents/momo-upload-api-210604170617-637584231772974269.png',
        'Lotte Cantavil'),
       (2, NULL, 778, 27, 106.70, 10.74, 4.50, NULL, '2023-03-20 12:17:38.634027', '2023-03-20 12:17:38.634027',
        'Tầng 3, TTTM Lotte, số 469 đường Nguyễn Hữu Thọ, P.Tân Hưng, Quận 7',
        'https://homepage.momocdn.net/default/s/no-image-momo.jpg', NULL,
        'https://homepage.momocdn.net/blogscontents/momo-upload-api-210604170617-637584231772974269.png',
        'Lotte Nam Sài Gòn'),
       (2, NULL, 773, 28, 106.69, 10.76, 4.50, NULL, '2023-03-20 12:17:38.634027', '2023-03-20 12:17:38.634027',
        'Tầng 3 TTTM TNL Plaza, Số 346 Đường Bến Vân Đồn, Phường 1, Quận 4',
        'https://homepage.momocdn.net/default/s/no-image-momo.jpg', NULL,
        'https://homepage.momocdn.net/blogscontents/momo-upload-api-210604170617-637584231772974269.png',
        'Lotte Gold View'),
       (2, NULL, 766, 29, 106.65, 10.80, 4.50, NULL, '2023-03-20 12:17:38.634027', '2023-03-20 12:17:38.634027',
        'Tầng 4, Pico Plaza, 20 Cộng Hòa, P.12, Quận Tân Bình',
        'https://homepage.momocdn.net/default/s/no-image-momo.jpg', NULL,
        'https://homepage.momocdn.net/blogscontents/momo-upload-api-210604170617-637584231772974269.png',
        'Lotte Cộng Hoà'),
       (3, NULL, 760, 30, 10.77, 106.69, 4.50, NULL, '2023-03-20 12:17:38.634027', '2023-03-20 12:17:38.634027',
        '116 Nguyễn Du, Phường Bến Thành, Quận 1, TP. HCM', 'https://homepage.momocdn.net/default/s/no-image-momo.jpg',
        NULL, 'https://img.mservice.io/momo_app_v2/new_version/img/icon/GalaxyCinema.png', 'Galaxy Nguyễn Du'),
       (3, NULL, 775, 31, 10.76, 106.63, 4.50, NULL, '2023-03-20 12:17:38.634027', '2023-03-20 12:17:38.634027',
        '718bis Kinh Dương Vương, Phường 13, Quận 6, Thành phố Hồ Chí Minh',
        'https://homepage.momocdn.net/default/s/no-image-momo.jpg', NULL,
        'https://img.mservice.io/momo_app_v2/new_version/img/icon/GalaxyCinema.png', 'Galaxy Kinh Dương Vương'),
       (3, NULL, 766, 32, 10.79, 106.64, 4.50, NULL, '2023-03-20 12:17:38.634027', '2023-03-20 12:17:38.634027',
        '246 Đường Nguyễn Hồng Đào, Phường 13, Tân Bình, Thành phố Hồ Chí Minh',
        'https://homepage.momocdn.net/default/s/no-image-momo.jpg', NULL,
        'https://img.mservice.io/momo_app_v2/new_version/img/icon/GalaxyCinema.png', 'Galaxy Tân Bình'),
       (3, NULL, 764, 33, 10.84, 106.66, 4.50, NULL, '2023-03-20 12:17:38.634027', '2023-03-20 12:17:38.634027',
        'Lầu 3 | Co.op Mart, 304A Quang Trung, Phường 11, Quận Gò Vấp, TP.HCM',
        'https://homepage.momocdn.net/default/s/no-image-momo.jpg', NULL,
        'https://img.mservice.io/momo_app_v2/new_version/img/icon/GalaxyCinema.png', 'Galaxy Quang Trung'),
       (3, NULL, 761, 34, 10.86, 106.61, 4.50, NULL, '2023-03-20 12:17:38.634027', '2023-03-20 12:17:38.634027',
        'Hông Trung Tâm Văn Hóa Quận 12 Nguyễn Ảnh Thủ, P, 09 QL22, Trung Mỹ Tây, TP. HCM',
        'https://homepage.momocdn.net/default/s/no-image-momo.jpg', NULL,
        'https://img.mservice.io/momo_app_v2/new_version/img/icon/GalaxyCinema.png', 'Galaxy Trung Chánh'),
       (3, NULL, 778, 35, 10.71, 106.74, 4.50, NULL, '2023-03-20 12:17:38.634027', '2023-03-20 12:17:38.634027',
        'Lầu 2 | Co.opmart Huỳnh Tấn Phát, 1362 Huỳnh Tấn Phát, Phú Mỹ, Quận 7, TP.HCM',
        'https://homepage.momocdn.net/default/s/no-image-momo.jpg', NULL,
        'https://img.mservice.io/momo_app_v2/new_version/img/icon/GalaxyCinema.png', 'Galaxy Huỳnh Tấn Phát'),
       (3, NULL, 761, 36, 10.84, 106.63, 4.50, NULL, '2023-03-20 12:17:38.634027', '2023-03-20 12:17:38.634027',
        '119B Đường Nguyễn Văn Quá, Đông Hưng Thuận, Q. 12, TP. HCM',
        'https://homepage.momocdn.net/default/s/no-image-momo.jpg', NULL,
        'https://img.mservice.io/momo_app_v2/new_version/img/icon/GalaxyCinema.png', 'Galaxy Nguyễn Văn Quá'),
       (3, NULL, 769, 37, 10.87, 106.78, 4.50, NULL, '2023-03-20 12:17:38.634027', '2023-03-20 12:17:38.634027',
        'Tầng trệt | TTTM Co.opXtra Linh Trung, số 934 Quốc Lộ 1A, P. Linh Trung, Q. Thủ Đức, TP.HCM',
        'https://homepage.momocdn.net/default/s/no-image-momo.jpg', NULL,
        'https://img.mservice.io/momo_app_v2/new_version/img/icon/GalaxyCinema.png', 'Galaxy Linh Trung'),
       (3, NULL, 767, 38, 10.82, 106.63, 5.00, NULL, '2023-03-20 12:17:38.634027', '2023-03-20 12:17:38.634027',
        'Tầng 3 - Co.opMart TTTM Thắng Lợi - Số 2 Trường Chinh, Tây Thạnh, Tân Phú, Thành phố Hồ Chí Minh  ',
        'https://homepage.momocdn.net/default/s/no-image-momo.jpg', NULL,
        'https://img.mservice.io/momo_app_v2/new_version/img/icon/GalaxyCinema.png', 'Galaxy Trường Chinh'),
       (3, NULL, 769, 39, 10.77, 106.72, 4.50, NULL, '2023-03-20 12:17:38.634027', '2023-03-20 12:17:38.634027',
        'Tầng 3, Thiso Mall Sala, 10 Mai Chí Thọ, Phường Thủ Thiêm, Thành phố Thủ Đức',
        'https://homepage.momocdn.net/default/s/no-image-momo.jpg', NULL,
        'https://img.mservice.io/momo_app_v2/new_version/img/icon/GalaxyCinema.png', 'Galaxy Sala'),
       (4, NULL, 771, 40, 10.78, 106.68, 4.50, NULL, '2023-03-20 12:17:38.634027', '2023-03-20 12:17:38.634027',
        'Tầng 5 | Vincom Plaza, số 3C đường 3 Tháng 2, phường 11, quận 10, thành phố Hồ Chí Minh',
        'https://homepage.momocdn.net/default/s/no-image-momo.jpg', NULL,
        'https://homepage.momocdn.net/blogscontents/momo-upload-api-210604170453-637584230934981809.png',
        'BHD Star 3 tháng 2'),
       (4, NULL, 764, 41, 10.83, 106.67, 4.50, NULL, '2023-03-20 12:17:38.634027', '2023-03-20 12:17:38.634027',
        'Tầng B1, B2 | Vincom Plaza Quang Trung, số 190 đường Quang Trung, quận Gò Vấp, thành phố Hồ Chí Minh',
        'https://homepage.momocdn.net/default/s/no-image-momo.jpg', NULL,
        'https://homepage.momocdn.net/blogscontents/momo-upload-api-210604170453-637584230934981809.png',
        'BHD Star Quang Trung'),
       (4, NULL, 769, 42, 10.80, 106.74, 4.50, NULL, '2023-03-20 12:17:38.634027', '2023-03-20 12:17:38.634027',
        'Tầng 5 | Vincom Mega Mall Thảo Điền, số 159 đường Xa Lộ Hà Nội, Quận 2, thành phố Hồ Chí Minh',
        'https://homepage.momocdn.net/default/s/no-image-momo.jpg', NULL,
        'https://homepage.momocdn.net/blogscontents/momo-upload-api-210604170453-637584230934981809.png',
        'BHD Star Thảo Điền'),
       (4, NULL, 785, 43, 10.73, 106.67, 4.50, NULL, '2023-03-20 12:17:38.634027', '2023-03-20 12:17:38.634027',
        'Tầng 4 | Trung tâm thương mại Satra Phạm Hùng, số C6/27 đường Phạm Hùng, huyện Bình Chánh, TP. Hồ Chí Minh',
        'https://homepage.momocdn.net/default/s/no-image-momo.jpg', NULL,
        'https://homepage.momocdn.net/blogscontents/momo-upload-api-210604170453-637584230934981809.png',
        'BHD Star Phạm Hùng'),
       (4, NULL, 769, 44, 10.85, 106.78, 4.50, NULL, '2023-03-20 12:17:38.634027', '2023-03-20 12:17:38.634027',
        'Tầng 4 | Vincom Plaza Lê Văn Việt, số 50 đường Lê Văn Việt, Quận 9, thành phố Hồ Chí Minh',
        'https://homepage.momocdn.net/default/s/no-image-momo.jpg', NULL,
        'https://homepage.momocdn.net/blogscontents/momo-upload-api-210604170453-637584230934981809.png',
        'BHD Star Lê Văn Việt'),
       (5, NULL, 764, 45, 10.84, 106.66, 4.50, NULL, '2023-03-20 12:17:38.634027', '2023-03-20 12:17:38.634027',
        'Số 645 Quang Trung, Phường 11, Quận Gò Vấp, Thành phố Hồ Chí Minh',
        'https://homepage.momocdn.net/default/s/no-image-momo.jpg', NULL,
        'https://cdn.mservice.com.vn/app/img/booking/logo_beta.png', 'Beta Quang Trung'),
       (5, NULL, 760, 46, 10.79, 106.69, 4.50, NULL, '2023-03-20 12:17:38.634027', '2023-03-20 12:17:38.634027',
        'Tầng 2 & 3, Toà nhà IMC, 62 Đường Trần Quang Khải, Phường Tân Định, Quận 1, TP. Hồ Chí Minh',
        'https://homepage.momocdn.net/default/s/no-image-momo.jpg', NULL,
        'https://cdn.mservice.com.vn/app/img/booking/logo_beta.png', 'Beta Trần Quang Khải'),
       (6, NULL, 760, 47, 10.78, 106.70, 4.50, NULL, '2023-03-20 12:17:38.634027', '2023-03-20 12:17:38.634027',
        '135 Hai Bà Trưng, P. Bến Nghé, Q.1, TP. HCM', 'https://homepage.momocdn.net/default/s/no-image-momo.jpg', NULL,
        'https://homepage.momocdn.net/blogscontents/momo-upload-api-210604170530-637584231309495829.png',
        'CineStar Hai Bà Trưng'),
       (6, NULL, 760, 48, 10.77, 106.69, 4.50, NULL, '2023-03-20 12:17:38.634027', '2023-03-20 12:17:38.634027',
        '271 Nguyễn Trãi, P. Nguyễn Cư Trinh, Q. 1, TP. HCM',
        'https://homepage.momocdn.net/default/s/no-image-momo.jpg', NULL,
        'https://homepage.momocdn.net/blogscontents/momo-upload-api-210604170530-637584231309495829.png',
        'CineStar Quốc Thanh'),
       (7, NULL, 770, 49, 10.77, 106.68, 4.50, NULL, '2023-03-20 12:17:38.634027', '2023-03-20 12:17:38.634027',
        'Tầng 6, 7 | Sài Gòn Mall, số 19 đường Cao Thắng, phường 2, quận 3, thành phố Hồ Chí Minh',
        'https://homepage.momocdn.net/default/s/no-image-momo.jpg', NULL,
        'https://homepage.momocdn.net/blogscontents/momo-upload-api-210604170511-637584231119272266.png',
        'Mega GS Cao Thắng'),
       (7, NULL, 770, 50, 10.78, 106.68, 4.50, NULL, '2023-03-20 12:17:38.634027', '2023-03-20 12:17:38.634027',
        '212 Lý Chính Thắng, P. 9, Quận 3, TP. HCM', 'https://homepage.momocdn.net/default/s/no-image-momo.jpg', NULL,
        'https://homepage.momocdn.net/blogscontents/momo-upload-api-210604170511-637584231119272266.png',
        'Mega GS Cinemas Lý Chính Thắng'),
       (8, NULL, 760, 51, 10.78, 106.70, 4.50, NULL, '2023-03-20 12:17:38.634027', '2023-03-20 12:17:38.634027',
        'Số 6 đường Mạc Đĩnh Chi, phường Bến Nghé, quận 1, thành phố Hồ Chí Minh',
        'https://homepage.momocdn.net/default/s/no-image-momo.jpg', NULL,
        'https://img.mservice.io/momo_app_v2/new_version/img/THAO.MAI/DcineLogo.png', 'Dcine Bến Thành');

#region: USER

INSERT INTO capstone.user (is_email_verified, is_phone_verified, created_at, updated_at, phone, role, email, first_name,
                           last_name, full_name, avatar, password)
VALUES (true, true, '2024-01-01 10:00:00', '2024-01-01 10:00:00', '1234567890', 'admin', 'john.doe1@example.com',
        'John', 'Doe', 'John Doe', 'https://avatar.iran.liara.run/public/1', '12345678'),
       (false, true, '2024-01-02 11:00:00', '2024-01-02 11:00:00', '0987654321', 'user', 'jane.smith2@example.com',
        'Jane', 'Smith', 'Jane Smith', 'https://avatar.iran.liara.run/public/2', '12345678'),
       (true, false, '2024-01-03 12:00:00', '2024-01-03 12:00:00', '1111111111', 'super_admin',
        'alice.brown3@example.com', 'Alice', 'Brown', 'Alice Brown', 'https://avatar.iran.liara.run/public/3',
        '12345678'),
       (false, false, '2024-01-04 13:00:00', '2024-01-04 13:00:00', '2222222222', 'user', 'bob.jones4@example.com',
        'Bob', 'Jones', 'Bob Jones', 'https://avatar.iran.liara.run/public/4', '12345678'),
       (true, true, '2024-01-05 14:00:00', '2024-01-05 14:00:00', '3333333333', 'admin', 'carol.miller5@example.com',
        'Carol', 'Miller', 'Carol Miller', 'https://avatar.iran.liara.run/public/5', '12345678'),
       (false, true, '2024-01-06 15:00:00', '2024-01-06 15:00:00', '4444444444', 'user', 'david.wilson6@example.com',
        'David', 'Wilson', 'David Wilson', 'https://avatar.iran.liara.run/public/6', '12345678'),
       (true, false, '2024-01-07 16:00:00', '2024-01-07 16:00:00', '5555555555', 'admin', 'emma.moore7@example.com',
        'Emma', 'Moore', 'Emma Moore', 'https://avatar.iran.liara.run/public/7', '12345678'),
       (false, false, '2024-01-08 17:00:00', '2024-01-08 17:00:00', '6666666666', 'user', 'frank.taylor8@example.com',
        'Frank', 'Taylor', 'Frank Taylor', 'https://avatar.iran.liara.run/public/8', '12345678'),
       (true, true, '2024-01-09 18:00:00', '2024-01-09 18:00:00', '7777777777', 'admin', 'grace.anderson9@example.com',
        'Grace', 'Anderson', 'Grace Anderson', 'https://avatar.iran.liara.run/public/9', '12345678'),
       (false, true, '2024-01-10 19:00:00', '2024-01-10 19:00:00', '8888888888', 'user', 'henry.thomas10@example.com',
        'Henry', 'Thomas', 'Henry Thomas', 'https://avatar.iran.liara.run/public/10', '12345678'),
       (true, false, '2024-01-11 20:00:00', '2024-01-11 20:00:00', '9999999999', 'super_admin',
        'isabella.jackson11@example.com', 'Isabella', 'Jackson', 'Isabella Jackson',
        'https://avatar.iran.liara.run/public/11', '12345678'),
       (false, false, '2024-01-12 21:00:00', '2024-01-12 21:00:00', '1010101010', 'user', 'jack.white12@example.com',
        'Jack', 'White', 'Jack White', 'https://avatar.iran.liara.run/public/12', '12345678'),
       (true, true, '2024-01-13 22:00:00', '2024-01-13 22:00:00', '2020202020', 'admin', 'kate.harris13@example.com',
        'Kate', 'Harris', 'Kate Harris', 'https://avatar.iran.liara.run/public/13', '12345678'),
       (false, true, '2024-01-14 23:00:00', '2024-01-14 23:00:00', '3030303030', 'user', 'leo.martin14@example.com',
        'Leo', 'Martin', 'Leo Martin', 'https://avatar.iran.liara.run/public/14', '12345678'),
       (true, false, '2024-01-15 09:00:00', '2024-01-15 09:00:00', '4040404040', 'admin', 'mia.lee15@example.com',
        'Mia', 'Lee', 'Mia Lee', 'https://avatar.iran.liara.run/public/15', '12345678'),
       (false, false, '2024-01-16 10:00:00', '2024-01-16 10:00:00', '5050505050', 'user', 'noah.wright16@example.com',
        'Noah', 'Wright', 'Noah Wright', 'https://avatar.iran.liara.run/public/16', '12345678'),
       (true, true, '2024-01-17 11:00:00', '2024-01-17 11:00:00', '6060606060', 'user', 'olivia.king17@example.com',
        'Olivia', 'King', 'Olivia King', 'https://avatar.iran.liara.run/public/17', '12345678'),
       (false, true, '2024-01-18 12:00:00', '2024-01-18 12:00:00', '7070707070', 'user', 'peter.hill18@example.com',
        'Peter', 'Hill', 'Peter Hill', 'https://avatar.iran.liara.run/public/18', '12345678'),
       (true, false, '2024-01-19 13:00:00', '2024-01-19 13:00:00', '8080808080', 'user', 'quinn.scott19@example.com',
        'Quinn', 'Scott', 'Quinn Scott', 'https://avatar.iran.liara.run/public/19', '12345678'),
       (false, false, '2024-01-20 14:00:00', '2024-01-20 14:00:00', '9090909090', 'user', 'ryan.green20@example.com',
        'Ryan', 'Green', 'Ryan Green', 'https://avatar.iran.liara.run/public/20', '12345678'),
       (true, true, '2024-01-21 15:00:00', '2024-01-21 15:00:00', '1122334455', 'admin', 'sophia.adams21@example.com',
        'Sophia', 'Adams', 'Sophia Adams', 'https://avatar.iran.liara.run/public/21', '12345678'),
       (false, true, '2024-01-22 16:00:00', '2024-01-22 16:00:00', '2233445566', 'user', 'thomas.baker22@example.com',
        'Thomas', 'Baker', 'Thomas Baker', 'https://avatar.iran.liara.run/public/22', '12345678'),
       (true, false, '2024-01-23 17:00:00', '2024-01-23 17:00:00', '3344556677', 'user', 'ursula.clark23@example.com',
        'Ursula', 'Clark', 'Ursula Clark', 'https://avatar.iran.liara.run/public/23', '12345678'),
       (false, false, '2024-01-24 18:00:00', '2024-01-24 18:00:00', '4455667788', 'user',
        'victor.roberts24@example.com', 'Victor', 'Roberts', 'Victor Roberts',
        'https://avatar.iran.liara.run/public/24', '12345678'),
       (true, true, '2024-01-25 19:00:00', '2024-01-25 19:00:00', '5566778899', 'user', 'william.walker25@example.com',
        'William', 'Walker', 'William Walker', 'https://avatar.iran.liara.run/public/25', '12345678'),
       (false, true, '2024-01-26 20:00:00', '2024-01-26 20:00:00', '6677889900', 'user', 'xavier.young26@example.com',
        'Xavier', 'Young', 'Xavier Young', 'https://avatar.iran.liara.run/public/26', '12345678'),
       (true, false, '2024-01-27 21:00:00', '2024-01-27 21:00:00', '7788990011', 'user', 'yara.allen27@example.com',
        'Yara', 'Allen', 'Yara Allen', 'https://avatar.iran.liara.run/public/27', '12345678'),
       (false, false, '2024-01-28 22:00:00', '2024-01-28 22:00:00', '8899001122', 'user', 'zachary.james28@example.com',
        'Zachary', 'James', 'Zachary James', 'https://avatar.iran.liara.run/public/28', '12345678');

#region: MOVIE

INSERT INTO capstone.movie (rating, time, created_at, start_date, updated_at, movie_name, poster, trailer)
VALUES (7.5, 105, '2024-01-01 10:00:00', '2024-02-01', '2024-02-01 10:00:00', 'The Adventures of Time',
        'https://m.media-amazon.com/images/M/MV5BMjEyNjQ3MDQ1OF5BMl5BanBnXkFtZTgwODAxMDM2MDE@._V1_.jpg',
        'https://www.youtube.com/watch?v=8ugaeA-nMTc'),
       (8.2, 130, '2024-01-05 11:00:00', '2024-02-10', '2024-02-10 11:00:00', 'Lost in the Future',
        'https://m.media-amazon.com/images/M/MV5BZWJmN2NhZTQtNTFkNi00NDAwLThmODQtZDI1OGViOTZkMGI0XkEyXkFqcGdeQXVyMTAxNDE3MTE5._V1_.jpg',
        'https://www.youtube.com/watch?v=TcMBFSGVi1c'),
       (6.9, 90, '2024-01-10 12:00:00', '2024-02-15', '2024-02-15 12:00:00', 'Space Odyssey',
        'https://m.media-amazon.com/images/M/MV5BMjI2MjUxMTg2NV5BMl5BanBnXkFtZTgwNjM3NjkxMTE@._V1_.jpg',
        'https://www.youtube.com/watch?v=lf8myg6t0Sk'),
       (9.1, 145, '2024-01-15 13:00:00', '2024-03-01', '2024-03-01 13:00:00', 'Eternal Horizons',
        'https://m.media-amazon.com/images/M/MV5BZjllNzY5OTQtMjliYS00Y2JhLTlmMDMtZWRjMWUzMjRjYmNkXkEyXkFqcGdeQXVyNTQwOTMwOTc@._V1_FMjpg_UX1000_.jpg',
        'https://www.youtube.com/watch?v=8ugaeA-nMTc'),
       (5.4, 80, '2024-01-20 14:00:00', '2024-03-10', '2024-03-10 14:00:00', 'Mystery of the Lost Island',
        'https://m.media-amazon.com/images/M/MV5BYmZjY2Y2ZGItZjFmNC00ZjM2LWIxNzItMjJjZGYyNGQ2MzY4XkEyXkFqcGdeQXVyNDQzMjc4NTI@._V1_.jpg',
        'https://www.youtube.com/watch?v=TcMBFSGVi1c'),
       (7.8, 120, '2024-01-25 15:00:00', '2024-03-20', '2024-03-20 15:00:00', 'Underworld Awakening',
        'https://m.media-amazon.com/images/M/MV5BMjFkMDE2ZDYtY2QyZC00MmY2LWEyYzctODQ5MTRlN2FhNTZhXkEyXkFqcGdeQXVyODQ4MjU1MDg@._V1_FMjpg_UX1000_.jpg',
        'https://www.youtube.com/watch?v=gFdv6PR2q3Y'),
       (6.2, 110, '2024-01-30 16:00:00', '2024-03-25', '2024-03-25 16:00:00', 'The Dark Realm',
        'https://m.media-amazon.com/images/M/MV5BZTRmN2QxNDktNzRhYS00MmI5LWJmYzItMzVkYTUzOGQ0NDJhXkEyXkFqcGdeQXVyMTE1MjM5NDQ@._V1_.jpg',
        'https://www.youtube.com/watch?v=TcMBFSGVi1c'),
       (8.9, 135, '2024-02-01 17:00:00', '2024-04-01', '2024-04-01 17:00:00', 'Beyond the Stars',
        'https://m.media-amazon.com/images/M/MV5BNjEwMTUxOTAtYzJhZS00NjBjLTg2MWEtNWMzZjdiZjc4YmY0XkEyXkFqcGdeQXVyMjUyNDk2ODc@._V1_.jpg',
        'https://www.youtube.com/watch?v=YoHD9XEInc0'),
       (7.3, 95, '2024-02-05 18:00:00', '2024-04-10', '2024-04-10 18:00:00', 'The Forgotten World',
        'https://m.media-amazon.com/images/M/MV5BMjU3ODc2MzQ2N15BMl5BanBnXkFtZTgwMTk5NzQyODE@._V1_FMjpg_UX1000_.jpg',
        'https://www.youtube.com/watch?v=YoHD9XEInc0'),
       (8.5, 125, '2024-02-10 19:00:00', '2024-04-15', '2024-04-15 19:00:00', 'Rise of the Phoenix',
        'https://m.media-amazon.com/images/M/MV5BMTcwNzg4OTM2NF5BMl5BanBnXkFtZTcwMzY2NzA5OQ@@._V1_.jpg',
        'https://www.youtube.com/watch?v=TcMBFSGVi1c'),
       (6.7, 115, '2024-02-15 20:00:00', '2024-04-20', '2024-04-20 20:00:00', 'Into the Abyss',
        'https://m.media-amazon.com/images/M/MV5BMzQ4MzU0NDgyMF5BMl5BanBnXkFtZTgwMzUzNzYyMjE@._V1_.jpg',
        'https://www.youtube.com/watch?v=lf8myg6t0Sk'),
       (7.4, 100, '2024-02-20 21:00:00', '2024-05-01', '2024-05-01 21:00:00', 'Shadows in the Mist',
        'https://m.media-amazon.com/images/M/MV5BMTk3MTA5NDA1OV5BMl5BanBnXkFtZTcwNjgwNzQ0Nw@@._V1_.jpg',
        'https://www.youtube.com/watch?v=gFdv6PR2q3Y'),
       (8.0, 120, '2024-02-25 22:00:00', '2024-05-05', '2024-05-05 22:00:00', 'Edge of Eternity',
        'https://m.media-amazon.com/images/M/MV5BMjE2OTM0Nzc4NV5BMl5BanBnXkFtZTgwNTk1Mjk3NzE@._V1_.jpg',
        'https://www.youtube.com/watch?v=TcMBFSGVi1c'),
       (7.1, 105, '2024-03-01 23:00:00', '2024-05-10', '2024-05-10 23:00:00', 'The Final Frontier',
        'https://m.media-amazon.com/images/M/MV5BN2QyZTA2MjAtM2RkNi00NzNkLTkzOWEtNzFkNDg4MDU1MTA0XkEyXkFqcGdeQXVyNjA3MjUzNjM@._V1_.jpg',
        'https://www.youtube.com/watch?v=lf8myg6t0Sk'),
       (8.3, 140, '2024-03-05 12:00:00', '2024-05-15', '2024-05-15 12:00:00', 'Dawn of a New Age',
        'https://m.media-amazon.com/images/M/MV5BNGEyNjkzZGItYWE2OC00ODJkLTliZmEtYjFhY2QzOTVkNGFlXkEyXkFqcGdeQXVyMTYxNjkxNA@@._V1_.jpg',
        'https://www.youtube.com/watch?v=YoHD9XEInc0'),
       (6.5, 110, '2024-03-10 13:00:00', '2024-05-20', '2024-05-20 13:00:00', 'Tales of the Unknown',
        'https://m.media-amazon.com/images/M/MV5BNzA5NTI1NzU2Ml5BMl5BanBnXkFtZTgwMjQ4NTA0ODE@._V1_.jpg',
        'https://www.youtube.com/watch?v=gFdv6PR2q3Y'),
       (9.0, 150, '2024-03-15 14:00:00', '2024-06-01', '2024-06-01 14:00:00', 'Journey to the Stars',
        'https://m.media-amazon.com/images/M/MV5BZDAwMmUwNzMtOTcwZi00ZTg0LTk5NjEtNmY2MzI1Y2RjMGEwXkEyXkFqcGdeQXVyNTQwOTMwOTc@._V1_FMjpg_UX1000_.jpg',
        'https://www.youtube.com/watch?v=TcMBFSGVi1c'),
       (7.6, 115, '2024-03-20 15:00:00', '2024-06-05', '2024-06-05 15:00:00', 'Legends of the Cosmos',
        'https://m.media-amazon.com/images/M/MV5BMTgzNjgxNDk5Ml5BMl5BanBnXkFtZTgwMjUyOTU0MDE@._V1_FMjpg_UX1000_.jpg',
        'https://www.youtube.com/watch?v=lf8myg6t0Sk'),
       (7.0, 105, '2024-03-25 16:00:00', '2024-06-10', '2024-06-10 16:00:00', 'Guardians of Time',
        'https://m.media-amazon.com/images/M/MV5BZGRiNTFiYjMtNDA0ZS00NzMxLWFjZjAtYjViYjgwM2I5NGQ0XkEyXkFqcGdeQXVyNTQwOTMwOTc@._V1_FMjpg_UX1000_.jpg',
        'https://www.youtube.com/watch?v=YoHD9XEInc0'),
       (8.1, 125, '2024-03-30 17:00:00', '2024-06-15', '2024-06-15 17:00:00', 'Kingdom of Light',
        'https://m.media-amazon.com/images/M/MV5BNjRlYmMxNDctOWQ4Ny00YmYyLTk1N2QtZTA5NTU3OTNmNjM5XkEyXkFqcGdeQXVyNzEyODUxNDc@._V1_FMjpg_UX1000_.jpg',
        'https://www.youtube.com/watch?v=gFdv6PR2q3Y'),
       (6.8, 98, '2024-04-01 10:30:00', '2024-06-20', '2024-06-20 10:30:00', 'The Shadow Hunter',
        'https://m.media-amazon.com/images/M/MV5BNmRmZTJlZGEtNjVkYy00YzBhLTg1ZTctMTIzNzNhNjc3NzFiXkEyXkFqcGdeQXVyNTA5NzQ0MTQ@._V1_FMjpg_UX1000_.jpg',
        'https://www.youtube.com/watch?v=TcMBFSGVi1c'),
       (7.9, 115, '2024-04-05 11:30:00', '2024-07-01', '2024-07-01 11:30:00', 'Crimson Skies',
        'https://m.media-amazon.com/images/M/MV5BMjAxMzg5ODQ1Nl5BMl5BanBnXkFtZTcwODIxMjk2OQ@@._V1_.jpg',
        'https://www.youtube.com/watch?v=gFdv6PR2q3Y'),
       (8.3, 130, '2024-04-10 12:30:00', '2024-07-05', '2024-07-05 12:30:00', 'The Celestial Fall',
        'https://m.media-amazon.com/images/M/MV5BYjRmZDUzOTAtNzkxNy00OWY5LTgyMDItYjNiNTlmMDNiN2QzXkEyXkFqcGdeQXVyODg5NjkzOA@@._V1_.jpg',
        'https://www.youtube.com/watch?v=YoHD9XEInc0'),
       (5.9, 90, '2024-04-15 13:30:00', '2024-07-10', '2024-07-10 13:30:00', 'Rising Storm',
        'https://m.media-amazon.com/images/M/MV5BNjI1MjRhN2QtZTE2ZS00NGY1LTg3MTktOTQyNWI5MTUzMmU5XkEyXkFqcGdeQXVyMTk2MTQ3Nw@@._V1_.jpg',
        'https://www.youtube.com/watch?v=lf8myg6t0Sk'),
       (9.2, 150, '2024-04-20 14:30:00', '2024-07-15', '2024-07-15 14:30:00', 'The Silent Guardian',
        'https://m.media-amazon.com/images/M/MV5BMTUyNTgwNTI0M15BMl5BanBnXkFtZTcwODIxMjk2OQ@@._V1_.jpg',
        'https://www.youtube.com/watch?v=YoHD9XEInc0'),
       (7.1, 102, '2024-04-25 15:30:00', '2024-07-20', '2024-07-20 15:30:00', 'War of Realms',
        'https://m.media-amazon.com/images/M/MV5BZGFlOGMwOTAtNDMwZi00Mjg5LWI0OTYtMjRkZTcyZDQxMTU4XkEyXkFqcGdeQXVyMTE1MzI2NzMz@._V1_FMjpg_UX1000_.jpg',
        'https://www.youtube.com/watch?v=TcMBFSGVi1c'),
       (8.6, 132, '2024-04-30 16:30:00', '2024-07-25', '2024-07-25 16:30:00', 'Light of Eternity',
        'https://m.media-amazon.com/images/M/MV5BZTgwYTQzNjQtZTg0MC00ZWE5LTg1YzctMzIzZDliMDM4OGM1XkEyXkFqcGdeQXVyMjQ3NzUxNzM@._V1_FMjpg_UX1000_.jpg',
        'https://www.youtube.com/watch?v=gFdv6PR2q3Y'),
       (6.5, 105, '2024-05-05 17:30:00', '2024-08-01', '2024-08-01 17:30:00', 'Moonlit Journey',
        'https://m.media-amazon.com/images/M/MV5BNTljZWRlNDktYmEyNi00YWMxLTljODAtM2M2ZTgxZTYxZDgxXkEyXkFqcGdeQXVyMTAyMjQ3NzMz@._V1_FMjpg_UX1000_.jpg',
        'https://www.youtube.com/watch?v=lf8myg6t0Sk'),
       (8.1, 118, '2024-05-10 18:30:00', '2024-08-05', '2024-08-05 18:30:00', 'The Forgotten Legend',
        'https://m.media-amazon.com/images/M/MV5BNTdlYTBlN2MtYjZlZC00MmRmLTg1MDItMDAxODUzMzRkZjA4XkEyXkFqcGdeQXVyMTM5OTc1NTc@._V1_.jpg',
        'https://www.youtube.com/watch?v=YoHD9XEInc0'),
       (7.2, 95, '2024-05-15 19:30:00', '2024-08-10', '2024-08-10 19:30:00', 'The Eternal Flame',
        'https://m.media-amazon.com/images/M/MV5BYWMwNDcyYzktODNhNC00ZDJkLTliYzYtYzU0ODAzOTg4NzA4XkEyXkFqcGdeQXVyMTEwMTU3Mzc@._V1_.jpg',
        'https://www.youtube.com/watch?v=gFdv6PR2q3Y'),
       (9.0, 135, '2024-05-20 20:30:00', '2024-08-15', '2024-08-15 20:30:00', 'Whispers of the Past',
        'https://m.media-amazon.com/images/M/MV5BYWYxZWIxYzAtOTk0Ny00ODZmLThhMGMtM2Y4YTVkNDMzMGFkXkEyXkFqcGdeQXVyMTE1MTAwMzM5@._V1_FMjpg_UX1000_.jpg',
        'https://www.youtube.com/watch?v=TcMBFSGVi1c'),
       (6.9, 112, '2024-05-25 21:30:00', '2024-08-20', '2024-08-20 21:30:00', 'Stormriders',
        'https://m.media-amazon.com/images/M/MV5BYzFhZjRkMTctYmYwOS00OWFkLTllYTktNDVjZTUyZDU1NjFjXkEyXkFqcGdeQXVyMTE1MjE4NzE@._V1_FMjpg_UX1000_.jpg',
        'https://www.youtube.com/watch?v=lf8myg6t0Sk');

#region: BRANCH_MOVIE

INSERT INTO capstone.branch_movie (branch_id, movie_id)
VALUES (1, 1),
       (1, 2),
       (1, 3),
       (1, 4),
       (1, 5),
       (1, 6),
       (1, 7),
       (1, 8),
       (1, 9),
       (1, 10),
       (1, 11),
       (1, 12),
       (1, 13),
       (1, 14),
       (1, 15),
       (1, 16),
       (1, 17),
       (1, 18),
       (1, 19),
       (1, 20),
       (2, 1),
       (2, 2),
       (2, 3),
       (2, 4),
       (2, 5),
       (2, 6),
       (2, 7),
       (2, 8),
       (2, 9),
       (2, 10),
       (2, 11),
       (2, 12),
       (2, 13),
       (2, 14),
       (2, 15),
       (2, 16),
       (2, 17),
       (2, 18),
       (2, 19),
       (2, 20),
       (3, 1),
       (3, 2),
       (3, 3),
       (3, 4),
       (3, 5),
       (3, 6),
       (3, 7),
       (3, 8),
       (3, 9),
       (3, 10),
       (3, 11),
       (3, 12),
       (3, 13),
       (3, 14),
       (3, 15),
       (3, 16),
       (3, 17),
       (3, 18),
       (3, 19),
       (3, 20),
       (4, 1),
       (4, 2),
       (4, 3),
       (4, 4),
       (4, 5),
       (4, 6),
       (4, 7),
       (4, 8),
       (4, 9),
       (4, 10),
       (4, 11),
       (4, 12),
       (4, 13),
       (4, 14),
       (4, 15),
       (4, 16),
       (4, 17),
       (4, 18),
       (4, 19),
       (4, 20),
       (5, 1),
       (5, 2),
       (5, 3),
       (5, 4),
       (5, 5),
       (5, 6),
       (5, 7),
       (5, 8),
       (5, 9),
       (5, 10),
       (5, 11),
       (5, 12),
       (5, 13),
       (5, 14),
       (5, 15),
       (5, 16),
       (5, 17),
       (5, 18),
       (5, 19),
       (5, 20),
       (6, 1),
       (6, 2),
       (6, 3),
       (6, 4),
       (6, 5),
       (6, 6),
       (6, 7),
       (6, 8),
       (6, 9),
       (6, 10),
       (6, 11),
       (6, 12),
       (6, 13),
       (6, 14),
       (6, 15),
       (6, 16),
       (6, 17),
       (6, 18),
       (6, 19),
       (6, 20),
       (7, 1),
       (7, 2),
       (7, 3),
       (7, 4),
       (7, 5),
       (7, 6),
       (7, 7),
       (7, 8),
       (7, 9),
       (7, 10),
       (7, 11),
       (7, 12),
       (7, 13),
       (7, 14),
       (7, 15),
       (7, 16),
       (7, 17),
       (7, 18),
       (7, 19),
       (7, 20),
       (8, 1),
       (8, 2),
       (8, 3),
       (8, 4),
       (8, 5),
       (8, 6),
       (8, 7),
       (8, 8),
       (8, 9),
       (8, 10),
       (8, 11),
       (8, 12),
       (8, 13),
       (8, 14),
       (8, 15),
       (8, 16),
       (8, 17),
       (8, 18),
       (8, 19),
       (8, 20),
       (9, 1),
       (9, 2),
       (9, 3),
       (9, 4),
       (9, 5),
       (9, 6),
       (9, 7),
       (9, 8),
       (9, 9),
       (9, 10),
       (9, 11),
       (9, 12),
       (9, 13),
       (9, 14),
       (9, 15),
       (9, 16),
       (9, 17),
       (9, 18),
       (9, 19),
       (9, 20),
       (10, 1),
       (10, 2),
       (10, 3),
       (10, 4),
       (10, 5),
       (10, 6),
       (10, 7),
       (10, 8),
       (10, 9),
       (10, 10),
       (10, 11),
       (10, 12),
       (10, 13),
       (10, 14),
       (10, 15),
       (10, 16),
       (10, 17),
       (10, 18),
       (10, 19),
       (10, 20),
       (11, 1),
       (11, 2),
       (11, 3),
       (11, 4),
       (11, 5),
       (11, 6),
       (11, 7),
       (11, 8),
       (11, 9),
       (11, 10),
       (11, 11),
       (11, 12),
       (11, 13),
       (11, 14),
       (11, 15),
       (11, 16),
       (11, 17),
       (11, 18),
       (11, 19),
       (11, 20),
       (12, 1),
       (12, 2),
       (12, 3),
       (12, 4),
       (12, 5),
       (12, 6),
       (12, 7),
       (12, 8),
       (12, 9),
       (12, 10),
       (12, 11),
       (12, 12),
       (12, 13),
       (12, 14),
       (12, 15),
       (12, 16),
       (12, 17),
       (12, 18),
       (12, 19),
       (12, 20),
       (13, 1),
       (13, 2),
       (13, 3),
       (13, 4),
       (13, 5),
       (13, 6),
       (13, 7),
       (13, 8),
       (13, 9),
       (13, 10),
       (13, 11),
       (13, 12),
       (13, 13),
       (13, 14),
       (13, 15),
       (13, 16),
       (13, 17),
       (13, 18),
       (13, 19),
       (13, 20),
       (14, 1),
       (14, 2),
       (14, 3),
       (14, 4),
       (14, 5),
       (14, 6),
       (14, 7),
       (14, 8),
       (14, 9),
       (14, 10),
       (14, 11),
       (14, 12),
       (14, 13),
       (14, 14),
       (14, 15),
       (14, 16),
       (14, 17),
       (14, 18),
       (14, 19),
       (14, 20),
       (15, 1),
       (15, 2),
       (15, 3),
       (15, 4),
       (15, 5),
       (15, 6),
       (15, 7),
       (15, 8),
       (15, 9),
       (15, 10),
       (15, 11),
       (15, 12),
       (15, 13),
       (15, 14),
       (15, 15),
       (15, 16),
       (15, 17),
       (15, 18),
       (15, 19),
       (15, 20),
       (16, 1),
       (16, 2),
       (16, 3),
       (16, 4),
       (16, 5),
       (16, 6),
       (16, 7),
       (16, 8),
       (16, 9),
       (16, 10),
       (16, 11),
       (16, 12),
       (16, 13),
       (16, 14),
       (16, 15),
       (16, 16),
       (16, 17),
       (16, 18),
       (16, 19),
       (16, 20),
       (17, 1),
       (17, 2),
       (17, 3),
       (17, 4),
       (17, 5),
       (17, 6),
       (17, 7),
       (17, 8),
       (17, 9),
       (17, 10),
       (17, 11),
       (17, 12),
       (17, 13),
       (17, 14),
       (17, 15),
       (17, 16),
       (17, 17),
       (17, 18),
       (17, 19),
       (17, 20),
       (18, 1),
       (18, 2),
       (18, 3),
       (18, 4),
       (18, 5),
       (18, 6),
       (18, 7),
       (18, 8),
       (18, 9),
       (18, 10),
       (18, 11),
       (18, 12),
       (18, 13),
       (18, 14),
       (18, 15),
       (18, 16),
       (18, 17),
       (18, 18),
       (18, 19),
       (18, 20),
       (19, 1),
       (19, 2),
       (19, 3),
       (19, 4),
       (19, 5),
       (19, 6),
       (19, 7),
       (19, 8),
       (19, 9),
       (19, 10),
       (19, 11),
       (19, 12),
       (19, 13),
       (19, 14),
       (19, 15),
       (19, 16),
       (19, 17),
       (19, 18),
       (19, 19),
       (19, 20),
       (20, 1),
       (20, 2),
       (20, 3),
       (20, 4),
       (20, 5),
       (20, 6),
       (20, 7),
       (20, 8),
       (20, 9),
       (20, 10),
       (20, 11),
       (20, 12),
       (20, 13),
       (20, 14),
       (20, 15),
       (20, 16),
       (20, 17),
       (20, 18),
       (20, 19),
       (20, 20),
       (21, 1),
       (21, 2),
       (21, 3),
       (21, 4),
       (21, 5),
       (21, 6),
       (21, 7),
       (21, 8),
       (21, 9),
       (21, 10),
       (21, 11),
       (21, 12),
       (21, 13),
       (21, 14),
       (21, 15),
       (21, 16),
       (21, 17),
       (21, 18),
       (21, 19),
       (21, 20),
       (22, 1),
       (22, 2),
       (22, 3),
       (22, 4),
       (22, 5),
       (22, 6),
       (22, 7),
       (22, 8),
       (22, 9),
       (22, 10),
       (22, 11),
       (22, 12),
       (22, 13),
       (22, 14),
       (22, 15),
       (22, 16),
       (22, 17),
       (22, 18),
       (22, 19),
       (22, 20),
       (23, 1),
       (23, 2),
       (23, 3),
       (23, 4),
       (23, 5),
       (23, 6),
       (23, 7),
       (23, 8),
       (23, 9),
       (23, 10),
       (23, 11),
       (23, 12),
       (23, 13),
       (23, 14),
       (23, 15),
       (23, 16),
       (23, 17),
       (23, 18),
       (23, 19),
       (23, 20),
       (24, 1),
       (24, 2),
       (24, 3),
       (24, 4),
       (24, 5),
       (24, 6),
       (24, 7),
       (24, 8),
       (24, 9),
       (24, 10),
       (24, 11),
       (24, 12),
       (24, 13),
       (24, 14),
       (24, 15),
       (24, 16),
       (24, 17),
       (24, 18),
       (24, 19),
       (24, 20),
       (25, 1),
       (25, 2),
       (25, 3),
       (25, 4),
       (25, 5),
       (25, 6),
       (25, 7),
       (25, 8),
       (25, 9),
       (25, 10),
       (25, 11),
       (25, 12),
       (25, 13),
       (25, 14),
       (25, 15),
       (25, 16),
       (25, 17),
       (25, 18),
       (25, 19),
       (25, 20),
       (26, 1),
       (26, 2),
       (26, 3),
       (26, 4),
       (26, 5),
       (26, 6),
       (26, 7),
       (26, 8),
       (26, 9),
       (26, 10),
       (26, 11),
       (26, 12),
       (26, 13),
       (26, 14),
       (26, 15),
       (26, 16),
       (26, 17),
       (26, 18),
       (26, 19),
       (26, 20),
       (27, 1),
       (27, 2),
       (27, 3),
       (27, 4),
       (27, 5),
       (27, 6),
       (27, 7),
       (27, 8),
       (27, 9),
       (27, 10),
       (27, 11),
       (27, 12),
       (27, 13),
       (27, 14),
       (27, 15),
       (27, 16),
       (27, 17),
       (27, 18),
       (27, 19),
       (27, 20),
       (28, 1),
       (28, 2),
       (28, 3),
       (28, 4),
       (28, 5),
       (28, 6),
       (28, 7),
       (28, 8),
       (28, 9),
       (28, 10),
       (28, 11),
       (28, 12),
       (28, 13),
       (28, 14),
       (28, 15),
       (28, 16),
       (28, 17),
       (28, 18),
       (28, 19),
       (28, 20),
       (29, 1),
       (29, 2),
       (29, 3),
       (29, 4),
       (29, 5),
       (29, 6),
       (29, 7),
       (29, 8),
       (29, 9),
       (29, 10),
       (29, 11),
       (29, 12),
       (29, 13),
       (29, 14),
       (29, 15),
       (29, 16),
       (29, 17),
       (29, 18),
       (29, 19),
       (29, 20),
       (30, 1),
       (30, 2),
       (30, 3),
       (30, 4),
       (30, 5),
       (30, 6),
       (30, 7),
       (30, 8),
       (30, 9),
       (30, 10),
       (30, 11),
       (30, 12),
       (30, 13),
       (30, 14),
       (30, 15),
       (30, 16),
       (30, 17),
       (30, 18),
       (30, 19),
       (30, 20),
       (31, 1),
       (31, 2),
       (31, 3),
       (31, 4),
       (31, 5),
       (31, 6),
       (31, 7),
       (31, 8),
       (31, 9),
       (31, 10),
       (31, 11),
       (31, 12),
       (31, 13),
       (31, 14),
       (31, 15),
       (31, 16),
       (31, 17),
       (31, 18),
       (31, 19),
       (31, 20),
       (32, 1),
       (32, 2),
       (32, 3),
       (32, 4),
       (32, 5),
       (32, 6),
       (32, 7),
       (32, 8),
       (32, 9),
       (32, 10),
       (32, 11),
       (32, 12),
       (32, 13),
       (32, 14),
       (32, 15),
       (32, 16),
       (32, 17),
       (32, 18),
       (32, 19),
       (32, 20),
       (33, 1),
       (33, 2),
       (33, 3),
       (33, 4),
       (33, 5),
       (33, 6),
       (33, 7),
       (33, 8),
       (33, 9),
       (33, 10),
       (33, 11),
       (33, 12),
       (33, 13),
       (33, 14),
       (33, 15),
       (33, 16),
       (33, 17),
       (33, 18),
       (33, 19),
       (33, 20),
       (34, 1),
       (34, 2),
       (34, 3),
       (34, 4),
       (34, 5),
       (34, 6),
       (34, 7),
       (34, 8),
       (34, 9),
       (34, 10),
       (34, 11),
       (34, 12),
       (34, 13),
       (34, 14),
       (34, 15),
       (34, 16),
       (34, 17),
       (34, 18),
       (34, 19),
       (34, 20),
       (35, 1),
       (35, 2),
       (35, 3),
       (35, 4),
       (35, 5),
       (35, 6),
       (35, 7),
       (35, 8),
       (35, 9),
       (35, 10),
       (35, 11),
       (35, 12),
       (35, 13),
       (35, 14),
       (35, 15),
       (35, 16),
       (35, 17),
       (35, 18),
       (35, 19),
       (35, 20),
       (36, 1),
       (36, 2),
       (36, 3),
       (36, 4),
       (36, 5),
       (36, 6),
       (36, 7),
       (36, 8),
       (36, 9),
       (36, 10),
       (36, 11),
       (36, 12),
       (36, 13),
       (36, 14),
       (36, 15),
       (36, 16),
       (36, 17),
       (36, 18),
       (36, 19),
       (36, 20),
       (37, 1),
       (37, 2),
       (37, 3),
       (37, 4),
       (37, 5),
       (37, 6),
       (37, 7),
       (37, 8),
       (37, 9),
       (37, 10),
       (37, 11),
       (37, 12),
       (37, 13),
       (37, 14),
       (37, 15),
       (37, 16),
       (37, 17),
       (37, 18),
       (37, 19),
       (37, 20),
       (38, 1),
       (38, 2),
       (38, 3),
       (38, 4),
       (38, 5),
       (38, 6),
       (38, 7),
       (38, 8),
       (38, 9),
       (38, 10),
       (38, 11),
       (38, 12),
       (38, 13),
       (38, 14),
       (38, 15),
       (38, 16),
       (38, 17),
       (38, 18),
       (38, 19),
       (38, 20),
       (39, 1),
       (39, 2),
       (39, 3),
       (39, 4),
       (39, 5),
       (39, 6),
       (39, 7),
       (39, 8),
       (39, 9),
       (39, 10),
       (39, 11),
       (39, 12),
       (39, 13),
       (39, 14),
       (39, 15),
       (39, 16),
       (39, 17),
       (39, 18),
       (39, 19),
       (39, 20),
       (40, 1),
       (40, 2),
       (40, 3),
       (40, 4),
       (40, 5),
       (40, 6),
       (40, 7),
       (40, 8),
       (40, 9),
       (40, 10),
       (40, 11),
       (40, 12),
       (40, 13),
       (40, 14),
       (40, 15),
       (40, 16),
       (40, 17),
       (40, 18),
       (40, 19),
       (40, 20),
       (41, 1),
       (41, 2),
       (41, 3),
       (41, 4),
       (41, 5),
       (41, 6),
       (41, 7),
       (41, 8),
       (41, 9),
       (41, 10),
       (41, 11),
       (41, 12),
       (41, 13),
       (41, 14),
       (41, 15),
       (41, 16),
       (41, 17),
       (41, 18),
       (41, 19),
       (41, 20),
       (42, 1),
       (42, 2),
       (42, 3),
       (42, 4),
       (42, 5),
       (42, 6),
       (42, 7),
       (42, 8),
       (42, 9),
       (42, 10),
       (42, 11),
       (42, 12),
       (42, 13),
       (42, 14),
       (42, 15),
       (42, 16),
       (42, 17),
       (42, 18),
       (42, 19),
       (42, 20),
       (43, 1),
       (43, 2),
       (43, 3),
       (43, 4),
       (43, 5),
       (43, 6),
       (43, 7),
       (43, 8),
       (43, 9),
       (43, 10),
       (43, 11),
       (43, 12),
       (43, 13),
       (43, 14),
       (43, 15),
       (43, 16),
       (43, 17),
       (43, 18),
       (43, 19),
       (43, 20),
       (44, 1),
       (44, 2),
       (44, 3),
       (44, 4),
       (44, 5),
       (44, 6),
       (44, 7),
       (44, 8),
       (44, 9),
       (44, 10),
       (44, 11),
       (44, 12),
       (44, 13),
       (44, 14),
       (44, 15),
       (44, 16),
       (44, 17),
       (44, 18),
       (44, 19),
       (44, 20),
       (45, 1),
       (45, 2),
       (45, 3),
       (45, 4),
       (45, 5),
       (45, 6),
       (45, 7),
       (45, 8),
       (45, 9),
       (45, 10),
       (45, 11),
       (45, 12),
       (45, 13),
       (45, 14),
       (45, 15),
       (45, 16),
       (45, 17),
       (45, 18),
       (45, 19),
       (45, 20),
       (46, 1),
       (46, 2),
       (46, 3),
       (46, 4),
       (46, 5),
       (46, 6),
       (46, 7),
       (46, 8),
       (46, 9),
       (46, 10),
       (46, 11),
       (46, 12),
       (46, 13),
       (46, 14),
       (46, 15),
       (46, 16),
       (46, 17),
       (46, 18),
       (46, 19),
       (46, 20),
       (47, 1),
       (47, 2),
       (47, 3),
       (47, 4),
       (47, 5),
       (47, 6),
       (47, 7),
       (47, 8),
       (47, 9),
       (47, 10),
       (47, 11),
       (47, 12),
       (47, 13),
       (47, 14),
       (47, 15),
       (47, 16),
       (47, 17),
       (47, 18),
       (47, 19),
       (47, 20),
       (48, 1),
       (48, 2),
       (48, 3),
       (48, 4),
       (48, 5),
       (48, 6),
       (48, 7),
       (48, 8),
       (48, 9),
       (48, 10),
       (48, 11),
       (48, 12),
       (48, 13),
       (48, 14),
       (48, 15),
       (48, 16),
       (48, 17),
       (48, 18),
       (48, 19),
       (48, 20),
       (49, 1),
       (49, 2),
       (49, 3),
       (49, 4),
       (49, 5),
       (49, 6),
       (49, 7),
       (49, 8),
       (49, 9),
       (49, 10),
       (49, 11),
       (49, 12),
       (49, 13),
       (49, 14),
       (49, 15),
       (49, 16),
       (49, 17),
       (49, 18),
       (49, 19),
       (49, 20),
       (50, 1),
       (50, 2),
       (50, 3),
       (50, 4),
       (50, 5),
       (50, 6),
       (50, 7),
       (50, 8),
       (50, 9),
       (50, 10),
       (50, 11),
       (50, 12),
       (50, 13),
       (50, 14),
       (50, 15),
       (50, 16),
       (50, 17),
       (50, 18),
       (50, 19),
       (50, 20);

#region: HALL
INSERT INTO capstone.hall (branch_id, total_seats, created_at, updated_at, name)
VALUES (1, 0, '2024-10-14 20:24:50.000000', '2024-10-15 20:39:38.277663', 'A'),
       (1, 0, '2024-10-14 20:24:50.000000', '2024-10-15 20:39:38.277663', 'B'),
       (1, 0, '2024-10-14 20:24:50.000000', '2024-10-15 20:39:38.277663', 'C'),
       (2, 0, '2024-10-14 20:24:50.000000', '2024-10-15 20:39:38.277663', 'A'),
       (2, 0, '2024-10-14 20:24:50.000000', '2024-10-15 20:39:38.277663', 'B'),
       (2, 0, '2024-10-14 20:24:50.000000', '2024-10-15 20:39:38.277663', 'C'),
       (3, 0, '2024-10-14 20:24:50.000000', '2024-10-15 20:39:38.277663', 'A'),
       (3, 0, '2024-10-14 20:24:50.000000', '2024-10-15 20:39:38.277663', 'B'),
       (3, 0, '2024-10-14 20:24:50.000000', '2024-10-15 20:39:38.277663', 'C');

#region: SEAT_TYPE
INSERT INTO capstone.seat_type (id, created_at, updated_at, name)
VALUES  (1, '2024-10-22 16:09:03', '2024-10-22 16:09:03', 'NORMAL'),
        (2, '2024-10-22 16:09:03', '2024-10-22 16:09:03', 'VIP'),
        (3, '2024-10-22 16:09:03', '2024-10-22 16:09:03', 'SUPER VIP');

#region: SEAT

INSERT INTO capstone.seat (hall_id, is_active, seat_column, seat_number, seat_row, seat_code, created_at,
                           updated_at)
VALUES (1, true, 1, 1, 'A', 'A1', '2024-06-27 07:54:55.000000', '2024-06-27 07:54:55.000000'),
       (1, true, 2, 2, 'A', 'A2', '2024-06-27 07:54:55.000000', '2024-10-15 20:39:38.310515'),
       (1, true, 3, 3, 'A', 'A3', '2024-06-27 07:54:55.000000', '2024-06-27 07:54:55.000000'),
       (1, true, 4, 4, 'A', 'A4', '2024-06-27 07:54:55.000000', '2024-06-27 07:54:55.000000'),
       (1, true, 5, 5, 'A', 'A5', '2024-06-27 07:54:55.000000', '2024-06-27 07:54:55.000000'),
       (1, true, 6, 6, 'A', 'A6', '2024-06-27 07:54:55.000000', '2024-06-27 07:54:55.000000'),
       (1, true, 7, 7, 'A', 'A7', '2024-06-27 07:54:55.000000', '2024-06-27 07:54:55.000000'),
       (1, true, 8, 8, 'A', 'A8', '2024-06-27 07:54:55.000000', '2024-06-27 07:54:55.000000'),
       (1, true, 9, 9, 'A', 'A9', '2024-06-27 07:54:55.000000', '2024-06-27 07:54:55.000000'),
       (1, true, 10, 10, 'A', 'A10', '2024-06-27 07:54:55.000000', '2024-06-27 07:54:55.000000'),
       (1, true, 11, 11, 'A', 'A11', '2024-06-27 07:54:55.000000', '2024-06-27 07:54:55.000000'),
       (1, true, 12, 12, 'A', 'A12', '2024-06-27 07:54:55.000000', '2024-06-27 07:54:55.000000'),
       (1, true, 13, 13, 'A', 'A13', '2024-06-27 07:54:55.000000', '2024-06-27 07:54:55.000000'),
       (1, true, 1, 1, 'B', 'B1', '2024-06-27 07:54:55.000000', '2024-06-27 07:54:55.000000'),
       (1, true, 2, 2, 'B', 'B2', '2024-06-27 07:54:55.000000', '2024-06-27 07:54:55.000000'),
       (1, true, 3, 3, 'B', 'B3', '2024-06-27 07:54:55.000000', '2024-06-27 07:54:55.000000'),
       (1, true, 4, 4, 'B', 'B4', '2024-06-27 07:54:55.000000', '2024-06-27 07:54:55.000000'),
       (1, true, 5, 5, 'B', 'B5', '2024-06-27 07:54:55.000000', '2024-06-27 07:54:55.000000'),
       (1, true, 6, 6, 'B', 'B6', '2024-06-27 07:54:55.000000', '2024-06-27 07:54:55.000000'),
       (1, true, 7, 7, 'B', 'B7', '2024-06-27 07:54:55.000000', '2024-06-27 07:54:55.000000'),
       (1, true, 8, 8, 'B', 'B8', '2024-06-27 07:54:55.000000', '2024-06-27 07:54:55.000000'),
       (1, true, 9, 9, 'B', 'B9', '2024-06-27 07:54:55.000000', '2024-06-27 07:54:55.000000'),
       (1, true, 10, 10, 'B', 'B10', '2024-06-27 07:54:55.000000', '2024-06-27 07:54:55.000000'),
       (1, true, 11, 11, 'B', 'B11', '2024-06-27 07:54:55.000000', '2024-06-27 07:54:55.000000'),
       (1, true, 12, 12, 'B', 'B12', '2024-06-27 07:54:55.000000', '2024-06-27 07:54:55.000000'),
       (1, true, 13, 13, 'B', 'B13', '2024-06-27 07:54:55.000000', '2024-06-27 07:54:55.000000'),
       (1, true, 1, 1, 'C', 'C1', '2024-06-27 07:54:55.000000', '2024-06-27 07:54:55.000000'),
       (1, true, 2, 2, 'C', 'C2', '2024-06-27 07:54:55.000000', '2024-06-27 07:54:55.000000'),
       (1, true, 3, 3, 'C', 'C3', '2024-06-27 07:54:55.000000', '2024-06-27 07:54:55.000000'),
       (1, true, 4, 4, 'C', 'C4', '2024-06-27 07:54:55.000000', '2024-06-27 07:54:55.000000'),
       (1, true, 5, 5, 'C', 'C5', '2024-06-27 07:54:55.000000', '2024-06-27 07:54:55.000000'),
       (1, true, 6, 6, 'C', 'C6', '2024-06-27 07:54:55.000000', '2024-06-27 07:54:55.000000'),
       (1, true, 7, 7, 'C', 'C7', '2024-06-27 07:54:55.000000', '2024-06-27 07:54:55.000000'),
       (1, true, 8, 8, 'C', 'C8', '2024-06-27 07:54:55.000000', '2024-06-27 07:54:55.000000'),
       (1, true, 9, 9, 'C', 'C9', '2024-06-27 07:54:55.000000', '2024-06-27 07:54:55.000000'),
       (1, true, 10, 10, 'C', 'C10', '2024-06-27 07:54:55.000000', '2024-06-27 07:54:55.000000'),
       (1, true, 11, 11, 'C', 'C11', '2024-06-27 07:54:55.000000', '2024-06-27 07:54:55.000000'),
       (1, true, 12, 12, 'C', 'C12', '2024-06-27 07:54:55.000000', '2024-06-27 07:54:55.000000'),
       (1, true, 13, 13, 'C', 'C13', '2024-06-27 07:54:55.000000', '2024-06-27 07:54:55.000000'),
       (1, true, 1, 1, 'D', 'D1', '2024-06-27 07:54:55.000000', '2024-06-27 07:54:55.000000'),
       (1, true, 2, 2, 'D', 'D2', '2024-06-27 07:54:55.000000', '2024-06-27 07:54:55.000000'),
       (1, true, 3, 3, 'D', 'D3', '2024-06-27 07:54:55.000000', '2024-06-27 07:54:55.000000'),
       (1, true, 4, 4, 'D', 'D4', '2024-06-27 07:54:55.000000', '2024-06-27 07:54:55.000000'),
       (1, true, 5, 5, 'D', 'D5', '2024-06-27 07:54:55.000000', '2024-06-27 07:54:55.000000'),
       (1, true, 6, 6, 'D', 'D6', '2024-06-27 07:54:55.000000', '2024-06-27 07:54:55.000000'),
       (1, true, 7, 7, 'D', 'D7', '2024-06-27 07:54:55.000000', '2024-06-27 07:54:55.000000'),
       (1, true, 8, 8, 'D', 'D8', '2024-06-27 07:54:55.000000', '2024-06-27 07:54:55.000000'),
       (1, true, 9, 9, 'D', 'D9', '2024-06-27 07:54:55.000000', '2024-06-27 07:54:55.000000'),
       (1, true, 10, 10, 'D', 'D10', '2024-06-27 07:54:55.000000', '2024-06-27 07:54:55.000000'),
       (1, true, 11, 11, 'D', 'D11', '2024-06-27 07:54:55.000000', '2024-06-27 07:54:55.000000'),
       (1, true, 12, 12, 'D', 'D12', '2024-06-27 07:54:55.000000', '2024-06-27 07:54:55.000000'),
       (1, true, 13, 13, 'D', 'D13', '2024-06-27 07:54:55.000000', '2024-06-27 07:54:55.000000'),
       (1, true, 1, 1, 'E', 'E1', '2024-06-27 07:54:55.000000', '2024-06-27 07:54:55.000000'),
       (1, true, 2, 2, 'E', 'E2', '2024-06-27 07:54:55.000000', '2024-06-27 07:54:55.000000'),
       (1, true, 3, 3, 'E', 'E3', '2024-06-27 07:54:55.000000', '2024-06-27 07:54:55.000000'),
       (1, true, 4, 4, 'E', 'E4', '2024-06-27 07:54:55.000000', '2024-06-27 07:54:55.000000'),
       (1, true, 5, 5, 'E', 'E5', '2024-06-27 07:54:55.000000', '2024-06-27 07:54:55.000000'),
       (1, true, 6, 6, 'E', 'E6', '2024-06-27 07:54:55.000000', '2024-06-27 07:54:55.000000'),
       (1, true, 7, 7, 'E', 'E7', '2024-06-27 07:54:55.000000', '2024-06-27 07:54:55.000000'),
       (1, true, 8, 8, 'E', 'E8', '2024-06-27 07:54:55.000000', '2024-06-27 07:54:55.000000'),
       (1, true, 9, 9, 'E', 'E9', '2024-06-27 07:54:55.000000', '2024-06-27 07:54:55.000000'),
       (1, true, 10, 10, 'E', 'E10', '2024-06-27 07:54:55.000000', '2024-06-27 07:54:55.000000'),
       (1, true, 11, 11, 'E', 'E11', '2024-06-27 07:54:55.000000', '2024-06-27 07:54:55.000000'),
       (1, true, 12, 12, 'E', 'E12', '2024-06-27 07:54:55.000000', '2024-06-27 07:54:55.000000'),
       (1, true, 13, 13, 'E', 'E13', '2024-06-27 07:54:55.000000', '2024-06-27 07:54:55.000000'),
       (1, true, 1, 1, 'F', 'F1', '2024-06-27 07:54:55.000000', '2024-06-27 07:54:55.000000'),
       (1, true, 2, 2, 'F', 'F2', '2024-06-27 07:54:55.000000', '2024-06-27 07:54:55.000000'),
       (1, true, 3, 3, 'F', 'F3', '2024-06-27 07:54:55.000000', '2024-06-27 07:54:55.000000'),
       (1, true, 4, 4, 'F', 'F4', '2024-06-27 07:54:55.000000', '2024-06-27 07:54:55.000000'),
       (1, true, 5, 5, 'F', 'F5', '2024-06-27 07:54:55.000000', '2024-06-27 07:54:55.000000'),
       (1, true, 6, 6, 'F', 'F6', '2024-06-27 07:54:55.000000', '2024-06-27 07:54:55.000000'),
       (1, true, 7, 7, 'F', 'F7', '2024-06-27 07:54:55.000000', '2024-06-27 07:54:55.000000'),
       (1, true, 8, 8, 'F', 'F8', '2024-06-27 07:54:55.000000', '2024-06-27 07:54:55.000000'),
       (1, true, 9, 9, 'F', 'F9', '2024-06-27 07:54:55.000000', '2024-06-27 07:54:55.000000'),
       (1, true, 10, 10, 'F', 'F10', '2024-06-27 07:54:55.000000', '2024-06-27 07:54:55.000000'),
       (1, true, 11, 11, 'F', 'F11', '2024-06-27 07:54:55.000000', '2024-06-27 07:54:55.000000'),
       (1, true, 12, 12, 'F', 'F12', '2024-06-27 07:54:55.000000', '2024-06-27 07:54:55.000000'),
       (1, true, 13, 13, 'F', 'F13', '2024-06-27 07:54:55.000000', '2024-06-27 07:54:55.000000'),
       (1, true, 1, 1, 'G', 'G1', '2024-06-27 07:54:55.000000', '2024-06-27 07:54:55.000000'),
       (1, true, 2, 2, 'G', 'G2', '2024-06-27 07:54:55.000000', '2024-06-27 07:54:55.000000'),
       (1, true, 3, 3, 'G', 'G3', '2024-06-27 07:54:55.000000', '2024-06-27 07:54:55.000000'),
       (1, true, 4, 4, 'G', 'G4', '2024-06-27 07:54:55.000000', '2024-06-27 07:54:55.000000'),
       (1, true, 5, 5, 'G', 'G5', '2024-06-27 07:54:55.000000', '2024-06-27 07:54:55.000000'),
       (1, true, 6, 6, 'G', 'G6', '2024-06-27 07:54:55.000000', '2024-06-27 07:54:55.000000'),
       (1, true, 7, 7, 'G', 'G7', '2024-06-27 07:54:55.000000', '2024-06-27 07:54:55.000000'),
       (1, true, 8, 8, 'G', 'G8', '2024-06-27 07:54:55.000000', '2024-06-27 07:54:55.000000'),
       (1, true, 9, 9, 'G', 'G9', '2024-06-27 07:54:55.000000', '2024-06-27 07:54:55.000000'),
       (1, true, 10, 10, 'G', 'G10', '2024-06-27 07:54:55.000000', '2024-06-27 07:54:55.000000'),
       (1, true, 11, 11, 'G', 'G11', '2024-06-27 07:54:55.000000', '2024-06-27 07:54:55.000000'),
       (1, true, 12, 12, 'G', 'G12', '2024-06-27 07:54:55.000000', '2024-06-27 07:54:55.000000'),
       (1, true, 13, 13, 'G', 'G13', '2024-06-27 07:54:55.000000', '2024-06-27 07:54:55.000000'),
       (1, true, 1, 1, 'H', 'H1', '2024-06-27 07:54:55.000000', '2024-06-27 07:54:55.000000'),
       (1, true, 2, 2, 'H', 'H2', '2024-06-27 07:54:55.000000', '2024-06-27 07:54:55.000000'),
       (1, true, 3, 3, 'H', 'H3', '2024-06-27 07:54:55.000000', '2024-06-27 07:54:55.000000'),
       (1, true, 4, 4, 'H', 'H4', '2024-06-27 07:54:55.000000', '2024-06-27 07:54:55.000000'),
       (1, true, 5, 5, 'H', 'H5', '2024-06-27 07:54:55.000000', '2024-06-27 07:54:55.000000'),
       (1, true, 6, 6, 'H', 'H6', '2024-06-27 07:54:55.000000', '2024-06-27 07:54:55.000000'),
       (1, true, 7, 7, 'H', 'H7', '2024-06-27 07:54:55.000000', '2024-06-27 07:54:55.000000'),
       (1, true, 8, 8, 'H', 'H8', '2024-06-27 07:54:55.000000', '2024-06-27 07:54:55.000000'),
       (1, true, 9, 9, 'H', 'H9', '2024-06-27 07:54:55.000000', '2024-06-27 07:54:55.000000'),
       (1, true, 10, 10, 'H', 'H10', '2024-06-27 07:54:55.000000', '2024-06-27 07:54:55.000000'),
       (1, true, 11, 11, 'H', 'H11', '2024-06-27 07:54:55.000000', '2024-06-27 07:54:55.000000'),
       (1, true, 12, 12, 'H', 'H12', '2024-06-27 07:54:55.000000', '2024-06-27 07:54:55.000000'),
       (1, true, 13, 13, 'H', 'H13', '2024-06-27 07:54:55.000000', '2024-06-27 07:54:55.000000'),
       (1, true, 1, 1, 'I', 'I1', '2024-06-27 07:54:55.000000', '2024-06-27 07:54:55.000000'),
       (1, true, 2, 2, 'I', 'I2', '2024-06-27 07:54:55.000000', '2024-06-27 07:54:55.000000'),
       (1, true, 3, 3, 'I', 'I3', '2024-06-27 07:54:55.000000', '2024-06-27 07:54:55.000000'),
       (1, true, 4, 4, 'I', 'I4', '2024-06-27 07:54:55.000000', '2024-06-27 07:54:55.000000'),
       (1, true, 5, 5, 'I', 'I5', '2024-06-27 07:54:55.000000', '2024-06-27 07:54:55.000000'),
       (1, true, 6, 6, 'I', 'I6', '2024-06-27 07:54:55.000000', '2024-06-27 07:54:55.000000'),
       (1, true, 7, 7, 'I', 'I7', '2024-06-27 07:54:55.000000', '2024-06-27 07:54:55.000000'),
       (1, true, 8, 8, 'I', 'I8', '2024-06-27 07:54:55.000000', '2024-06-27 07:54:55.000000'),
       (1, true, 9, 9, 'I', 'I9', '2024-06-27 07:54:55.000000', '2024-06-27 07:54:55.000000'),
       (1, true, 10, 10, 'I', 'I10', '2024-06-27 07:54:55.000000', '2024-06-27 07:54:55.000000'),
       (1, true, 11, 11, 'I', 'I11', '2024-06-27 07:54:55.000000', '2024-06-27 07:54:55.000000'),
       (1, true, 12, 12, 'I', 'I12', '2024-06-27 07:54:55.000000', '2024-06-27 07:54:55.000000'),
       (1, true, 13, 13, 'I', 'I13', '2024-06-27 07:54:55.000000', '2024-06-27 07:54:55.000000'),
       (1, true, 1, 1, 'J', 'J1', '2024-06-27 07:54:55.000000', '2024-06-27 07:54:55.000000'),
       (1, true, 2, 2, 'J', 'J2', '2024-06-27 07:54:55.000000', '2024-06-27 07:54:55.000000'),
       (1, true, 3, 3, 'J', 'J3', '2024-06-27 07:54:55.000000', '2024-06-27 07:54:55.000000'),
       (1, true, 4, 4, 'J', 'J4', '2024-06-27 07:54:55.000000', '2024-06-27 07:54:55.000000'),
       (1, true, 5, 5, 'J', 'J5', '2024-06-27 07:54:55.000000', '2024-06-27 07:54:55.000000'),
       (1, true, 6, 6, 'J', 'J6', '2024-06-27 07:54:55.000000', '2024-06-27 07:54:55.000000'),
       (1, true, 7, 7, 'J', 'J7', '2024-06-27 07:54:55.000000', '2024-06-27 07:54:55.000000'),
       (1, true, 8, 8, 'J', 'J8', '2024-06-27 07:54:55.000000', '2024-06-27 07:54:55.000000'),
       (1, true, 9, 9, 'J', 'J9', '2024-06-27 07:54:55.000000', '2024-06-27 07:54:55.000000'),
       (1, true, 10, 10, 'J', 'J10', '2024-06-27 07:54:55.000000', '2024-06-27 07:54:55.000000'),
       (1, true, 11, 11, 'J', 'J11', '2024-06-27 07:54:55.000000', '2024-06-27 07:54:55.000000'),
       (1, true, 12, 12, 'J', 'J12', '2024-06-27 07:54:55.000000', '2024-06-27 07:54:55.000000'),
       (1, true, 13, 13, 'J', 'J13', '2024-06-27 07:54:55.000000', '2024-06-27 07:54:55.000000'),
       (1, true, 1, 1, 'K', 'K1', '2024-06-27 07:54:55.000000', '2024-06-27 07:54:55.000000'),
       (1, true, 2, 2, 'K', 'K2', '2024-06-27 07:54:55.000000', '2024-06-27 07:54:55.000000'),
       (1, true, 3, 3, 'K', 'K3', '2024-06-27 07:54:55.000000', '2024-06-27 07:54:55.000000'),
       (1, true, 4, 4, 'K', 'K4', '2024-06-27 07:54:55.000000', '2024-06-27 07:54:55.000000'),
       (1, true, 5, 5, 'K', 'K5', '2024-06-27 07:54:55.000000', '2024-06-27 07:54:55.000000'),
       (1, true, 6, 6, 'K', 'K6', '2024-06-27 07:54:55.000000', '2024-06-27 07:54:55.000000'),
       (1, true, 7, 7, 'K', 'K7', '2024-06-27 07:54:55.000000', '2024-06-27 07:54:55.000000'),
       (1, true, 8, 8, 'K', 'K8', '2024-06-27 07:54:55.000000', '2024-06-27 07:54:55.000000'),
       (1, true, 9, 9, 'K', 'K9', '2024-06-27 07:54:55.000000', '2024-06-27 07:54:55.000000'),
       (1, true, 10, 10, 'K', 'K10', '2024-06-27 07:54:55.000000', '2024-06-27 07:54:55.000000'),
       (1, true, 11, 11, 'K', 'K11', '2024-06-27 07:54:55.000000', '2024-06-27 07:54:55.000000'),
       (1, true, 12, 12, 'K', 'K12', '2024-06-27 07:54:55.000000', '2024-06-27 07:54:55.000000'),
       (1, true, 13, 13, 'K', 'K13', '2024-06-27 07:54:55.000000', '2024-06-27 07:54:55.000000'),
       (1, true, 1, 1, 'L', 'L1', '2024-06-27 07:54:55.000000', '2024-06-27 07:54:55.000000'),
       (1, true, 2, 2, 'L', 'L2', '2024-06-27 07:54:55.000000', '2024-06-27 07:54:55.000000'),
       (1, true, 3, 3, 'L', 'L3', '2024-06-27 07:54:55.000000', '2024-06-27 07:54:55.000000'),
       (1, true, 4, 4, 'L', 'L4', '2024-06-27 07:54:55.000000', '2024-06-27 07:54:55.000000'),
       (1, true, 5, 5, 'L', 'L5', '2024-06-27 07:54:55.000000', '2024-06-27 07:54:55.000000'),
       (1, true, 6, 6, 'L', 'L6', '2024-06-27 07:54:55.000000', '2024-06-27 07:54:55.000000'),
       (1, true, 7, 7, 'L', 'L7', '2024-06-27 07:54:55.000000', '2024-06-27 07:54:55.000000'),
       (1, true, 8, 8, 'L', 'L8', '2024-06-27 07:54:55.000000', '2024-06-27 07:54:55.000000'),
       (1, true, 9, 9, 'L', 'L9', '2024-06-27 07:54:55.000000', '2024-06-27 07:54:55.000000'),
       (1, true, 10, 10, 'L', 'L10', '2024-06-27 07:54:55.000000', '2024-06-27 07:54:55.000000'),
       (1, true, 11, 11, 'L', 'L11', '2024-06-27 07:54:55.000000', '2024-06-27 07:54:55.000000'),
       (1, true, 12, 12, 'L', 'L12', '2024-06-27 07:54:55.000000', '2024-06-27 07:54:55.000000'),
       (1, true, 13, 13, 'L', 'L13', '2024-06-27 07:54:55.000000', '2024-06-27 07:54:55.000000');

INSERT INTO capstone.seat (hall_id, is_active, seat_column, seat_number, seat_row, seat_code, created_at,
                           updated_at)
VALUES (2, true, 1, 1, 'A', 'A1', '2024-06-27 07:54:55.000000', '2024-06-27 07:54:55.000000'),
       (2, true, 2, 2, 'A', 'A2', '2024-06-27 07:54:55.000000', '2024-10-15 20:39:38.310515'),
       (2, true, 3, 3, 'A', 'A3', '2024-06-27 07:54:55.000000', '2024-06-27 07:54:55.000000'),
       (2, true, 4, 4, 'A', 'A4', '2024-06-27 07:54:55.000000', '2024-06-27 07:54:55.000000'),
       (2, true, 5, 5, 'A', 'A5', '2024-06-27 07:54:55.000000', '2024-06-27 07:54:55.000000'),
       (2, true, 6, 6, 'A', 'A6', '2024-06-27 07:54:55.000000', '2024-06-27 07:54:55.000000'),
       (2, true, 7, 7, 'A', 'A7', '2024-06-27 07:54:55.000000', '2024-06-27 07:54:55.000000'),
       (2, true, 8, 8, 'A', 'A8', '2024-06-27 07:54:55.000000', '2024-06-27 07:54:55.000000'),
       (2, true, 9, 9, 'A', 'A9', '2024-06-27 07:54:55.000000', '2024-06-27 07:54:55.000000'),
       (2, true, 10, 10, 'A', 'A10', '2024-06-27 07:54:55.000000', '2024-06-27 07:54:55.000000'),
       (2, true, 11, 11, 'A', 'A11', '2024-06-27 07:54:55.000000', '2024-06-27 07:54:55.000000'),
       (2, true, 12, 12, 'A', 'A12', '2024-06-27 07:54:55.000000', '2024-06-27 07:54:55.000000'),
       (2, true, 13, 13, 'A', 'A13', '2024-06-27 07:54:55.000000', '2024-06-27 07:54:55.000000'),
       (2, true, 1, 1, 'B', 'B1', '2024-06-27 07:54:55.000000', '2024-06-27 07:54:55.000000'),
       (2, true, 2, 2, 'B', 'B2', '2024-06-27 07:54:55.000000', '2024-06-27 07:54:55.000000'),
       (2, true, 3, 3, 'B', 'B3', '2024-06-27 07:54:55.000000', '2024-06-27 07:54:55.000000'),
       (2, true, 4, 4, 'B', 'B4', '2024-06-27 07:54:55.000000', '2024-06-27 07:54:55.000000'),
       (2, true, 5, 5, 'B', 'B5', '2024-06-27 07:54:55.000000', '2024-06-27 07:54:55.000000'),
       (2, true, 6, 6, 'B', 'B6', '2024-06-27 07:54:55.000000', '2024-06-27 07:54:55.000000'),
       (2, true, 7, 7, 'B', 'B7', '2024-06-27 07:54:55.000000', '2024-06-27 07:54:55.000000'),
       (2, true, 8, 8, 'B', 'B8', '2024-06-27 07:54:55.000000', '2024-06-27 07:54:55.000000'),
       (2, true, 9, 9, 'B', 'B9', '2024-06-27 07:54:55.000000', '2024-06-27 07:54:55.000000'),
       (2, true, 10, 10, 'B', 'B10', '2024-06-27 07:54:55.000000', '2024-06-27 07:54:55.000000'),
       (2, true, 11, 11, 'B', 'B11', '2024-06-27 07:54:55.000000', '2024-06-27 07:54:55.000000'),
       (2, true, 12, 12, 'B', 'B12', '2024-06-27 07:54:55.000000', '2024-06-27 07:54:55.000000'),
       (2, true, 13, 13, 'B', 'B13', '2024-06-27 07:54:55.000000', '2024-06-27 07:54:55.000000'),
       (2, true, 1, 1, 'C', 'C1', '2024-06-27 07:54:55.000000', '2024-06-27 07:54:55.000000'),
       (2, true, 2, 2, 'C', 'C2', '2024-06-27 07:54:55.000000', '2024-06-27 07:54:55.000000'),
       (2, true, 3, 3, 'C', 'C3', '2024-06-27 07:54:55.000000', '2024-06-27 07:54:55.000000'),
       (2, true, 4, 4, 'C', 'C4', '2024-06-27 07:54:55.000000', '2024-06-27 07:54:55.000000'),
       (2, true, 5, 5, 'C', 'C5', '2024-06-27 07:54:55.000000', '2024-06-27 07:54:55.000000'),
       (2, true, 6, 6, 'C', 'C6', '2024-06-27 07:54:55.000000', '2024-06-27 07:54:55.000000'),
       (2, true, 7, 7, 'C', 'C7', '2024-06-27 07:54:55.000000', '2024-06-27 07:54:55.000000'),
       (2, true, 8, 8, 'C', 'C8', '2024-06-27 07:54:55.000000', '2024-06-27 07:54:55.000000'),
       (2, true, 9, 9, 'C', 'C9', '2024-06-27 07:54:55.000000', '2024-06-27 07:54:55.000000'),
       (2, true, 10, 10, 'C', 'C10', '2024-06-27 07:54:55.000000', '2024-06-27 07:54:55.000000'),
       (2, true, 11, 11, 'C', 'C11', '2024-06-27 07:54:55.000000', '2024-06-27 07:54:55.000000'),
       (2, true, 12, 12, 'C', 'C12', '2024-06-27 07:54:55.000000', '2024-06-27 07:54:55.000000'),
       (2, true, 13, 13, 'C', 'C13', '2024-06-27 07:54:55.000000', '2024-06-27 07:54:55.000000'),
       (2, true, 1, 1, 'D', 'D1', '2024-06-27 07:54:55.000000', '2024-06-27 07:54:55.000000'),
       (2, true, 2, 2, 'D', 'D2', '2024-06-27 07:54:55.000000', '2024-06-27 07:54:55.000000'),
       (2, true, 3, 3, 'D', 'D3', '2024-06-27 07:54:55.000000', '2024-06-27 07:54:55.000000'),
       (2, true, 4, 4, 'D', 'D4', '2024-06-27 07:54:55.000000', '2024-06-27 07:54:55.000000'),
       (2, true, 5, 5, 'D', 'D5', '2024-06-27 07:54:55.000000', '2024-06-27 07:54:55.000000'),
       (2, true, 6, 6, 'D', 'D6', '2024-06-27 07:54:55.000000', '2024-06-27 07:54:55.000000'),
       (2, true, 7, 7, 'D', 'D7', '2024-06-27 07:54:55.000000', '2024-06-27 07:54:55.000000'),
       (2, true, 8, 8, 'D', 'D8', '2024-06-27 07:54:55.000000', '2024-06-27 07:54:55.000000'),
       (2, true, 9, 9, 'D', 'D9', '2024-06-27 07:54:55.000000', '2024-06-27 07:54:55.000000'),
       (2, true, 10, 10, 'D', 'D10', '2024-06-27 07:54:55.000000', '2024-06-27 07:54:55.000000'),
       (2, true, 11, 11, 'D', 'D11', '2024-06-27 07:54:55.000000', '2024-06-27 07:54:55.000000'),
       (2, true, 12, 12, 'D', 'D12', '2024-06-27 07:54:55.000000', '2024-06-27 07:54:55.000000'),
       (2, true, 13, 13, 'D', 'D13', '2024-06-27 07:54:55.000000', '2024-06-27 07:54:55.000000'),
       (2, true, 1, 1, 'E', 'E1', '2024-06-27 07:54:55.000000', '2024-06-27 07:54:55.000000'),
       (2, true, 2, 2, 'E', 'E2', '2024-06-27 07:54:55.000000', '2024-06-27 07:54:55.000000'),
       (2, true, 3, 3, 'E', 'E3', '2024-06-27 07:54:55.000000', '2024-06-27 07:54:55.000000'),
       (2, true, 4, 4, 'E', 'E4', '2024-06-27 07:54:55.000000', '2024-06-27 07:54:55.000000'),
       (2, true, 5, 5, 'E', 'E5', '2024-06-27 07:54:55.000000', '2024-06-27 07:54:55.000000'),
       (2, true, 6, 6, 'E', 'E6', '2024-06-27 07:54:55.000000', '2024-06-27 07:54:55.000000'),
       (2, true, 7, 7, 'E', 'E7', '2024-06-27 07:54:55.000000', '2024-06-27 07:54:55.000000'),
       (2, true, 8, 8, 'E', 'E8', '2024-06-27 07:54:55.000000', '2024-06-27 07:54:55.000000'),
       (2, true, 9, 9, 'E', 'E9', '2024-06-27 07:54:55.000000', '2024-06-27 07:54:55.000000'),
       (2, true, 10, 10, 'E', 'E10', '2024-06-27 07:54:55.000000', '2024-06-27 07:54:55.000000'),
       (2, true, 11, 11, 'E', 'E11', '2024-06-27 07:54:55.000000', '2024-06-27 07:54:55.000000'),
       (2, true, 12, 12, 'E', 'E12', '2024-06-27 07:54:55.000000', '2024-06-27 07:54:55.000000'),
       (2, true, 13, 13, 'E', 'E13', '2024-06-27 07:54:55.000000', '2024-06-27 07:54:55.000000'),
       (2, true, 1, 1, 'F', 'F1', '2024-06-27 07:54:55.000000', '2024-06-27 07:54:55.000000'),
       (2, true, 2, 2, 'F', 'F2', '2024-06-27 07:54:55.000000', '2024-06-27 07:54:55.000000'),
       (2, true, 3, 3, 'F', 'F3', '2024-06-27 07:54:55.000000', '2024-06-27 07:54:55.000000'),
       (2, true, 4, 4, 'F', 'F4', '2024-06-27 07:54:55.000000', '2024-06-27 07:54:55.000000'),
       (2, true, 5, 5, 'F', 'F5', '2024-06-27 07:54:55.000000', '2024-06-27 07:54:55.000000'),
       (2, true, 6, 6, 'F', 'F6', '2024-06-27 07:54:55.000000', '2024-06-27 07:54:55.000000'),
       (2, true, 7, 7, 'F', 'F7', '2024-06-27 07:54:55.000000', '2024-06-27 07:54:55.000000'),
       (2, true, 8, 8, 'F', 'F8', '2024-06-27 07:54:55.000000', '2024-06-27 07:54:55.000000'),
       (2, true, 9, 9, 'F', 'F9', '2024-06-27 07:54:55.000000', '2024-06-27 07:54:55.000000'),
       (2, true, 10, 10, 'F', 'F10', '2024-06-27 07:54:55.000000', '2024-06-27 07:54:55.000000'),
       (2, true, 11, 11, 'F', 'F11', '2024-06-27 07:54:55.000000', '2024-06-27 07:54:55.000000'),
       (2, true, 12, 12, 'F', 'F12', '2024-06-27 07:54:55.000000', '2024-06-27 07:54:55.000000'),
       (2, true, 13, 13, 'F', 'F13', '2024-06-27 07:54:55.000000', '2024-06-27 07:54:55.000000'),
       (2, true, 1, 1, 'G', 'G1', '2024-06-27 07:54:55.000000', '2024-06-27 07:54:55.000000'),
       (2, true, 2, 2, 'G', 'G2', '2024-06-27 07:54:55.000000', '2024-06-27 07:54:55.000000'),
       (2, true, 3, 3, 'G', 'G3', '2024-06-27 07:54:55.000000', '2024-06-27 07:54:55.000000'),
       (2, true, 4, 4, 'G', 'G4', '2024-06-27 07:54:55.000000', '2024-06-27 07:54:55.000000'),
       (2, true, 5, 5, 'G', 'G5', '2024-06-27 07:54:55.000000', '2024-06-27 07:54:55.000000'),
       (2, true, 6, 6, 'G', 'G6', '2024-06-27 07:54:55.000000', '2024-06-27 07:54:55.000000'),
       (2, true, 7, 7, 'G', 'G7', '2024-06-27 07:54:55.000000', '2024-06-27 07:54:55.000000'),
       (2, true, 8, 8, 'G', 'G8', '2024-06-27 07:54:55.000000', '2024-06-27 07:54:55.000000'),
       (2, true, 9, 9, 'G', 'G9', '2024-06-27 07:54:55.000000', '2024-06-27 07:54:55.000000'),
       (2, true, 10, 10, 'G', 'G10', '2024-06-27 07:54:55.000000', '2024-06-27 07:54:55.000000'),
       (2, true, 11, 11, 'G', 'G11', '2024-06-27 07:54:55.000000', '2024-06-27 07:54:55.000000'),
       (2, true, 12, 12, 'G', 'G12', '2024-06-27 07:54:55.000000', '2024-06-27 07:54:55.000000'),
       (2, true, 13, 13, 'G', 'G13', '2024-06-27 07:54:55.000000', '2024-06-27 07:54:55.000000'),
       (2, true, 1, 1, 'H', 'H1', '2024-06-27 07:54:55.000000', '2024-06-27 07:54:55.000000'),
       (2, true, 2, 2, 'H', 'H2', '2024-06-27 07:54:55.000000', '2024-06-27 07:54:55.000000'),
       (2, true, 3, 3, 'H', 'H3', '2024-06-27 07:54:55.000000', '2024-06-27 07:54:55.000000'),
       (2, true, 4, 4, 'H', 'H4', '2024-06-27 07:54:55.000000', '2024-06-27 07:54:55.000000'),
       (2, true, 5, 5, 'H', 'H5', '2024-06-27 07:54:55.000000', '2024-06-27 07:54:55.000000'),
       (2, true, 6, 6, 'H', 'H6', '2024-06-27 07:54:55.000000', '2024-06-27 07:54:55.000000'),
       (2, true, 7, 7, 'H', 'H7', '2024-06-27 07:54:55.000000', '2024-06-27 07:54:55.000000'),
       (2, true, 8, 8, 'H', 'H8', '2024-06-27 07:54:55.000000', '2024-06-27 07:54:55.000000'),
       (2, true, 9, 9, 'H', 'H9', '2024-06-27 07:54:55.000000', '2024-06-27 07:54:55.000000'),
       (2, true, 10, 10, 'H', 'H10', '2024-06-27 07:54:55.000000', '2024-06-27 07:54:55.000000'),
       (2, true, 11, 11, 'H', 'H11', '2024-06-27 07:54:55.000000', '2024-06-27 07:54:55.000000'),
       (2, true, 12, 12, 'H', 'H12', '2024-06-27 07:54:55.000000', '2024-06-27 07:54:55.000000'),
       (2, true, 13, 13, 'H', 'H13', '2024-06-27 07:54:55.000000', '2024-06-27 07:54:55.000000'),
       (2, true, 1, 1, 'I', 'I1', '2024-06-27 07:54:55.000000', '2024-06-27 07:54:55.000000'),
       (2, true, 2, 2, 'I', 'I2', '2024-06-27 07:54:55.000000', '2024-06-27 07:54:55.000000'),
       (2, true, 3, 3, 'I', 'I3', '2024-06-27 07:54:55.000000', '2024-06-27 07:54:55.000000'),
       (2, true, 4, 4, 'I', 'I4', '2024-06-27 07:54:55.000000', '2024-06-27 07:54:55.000000'),
       (2, true, 5, 5, 'I', 'I5', '2024-06-27 07:54:55.000000', '2024-06-27 07:54:55.000000'),
       (2, true, 6, 6, 'I', 'I6', '2024-06-27 07:54:55.000000', '2024-06-27 07:54:55.000000'),
       (2, true, 7, 7, 'I', 'I7', '2024-06-27 07:54:55.000000', '2024-06-27 07:54:55.000000'),
       (2, true, 8, 8, 'I', 'I8', '2024-06-27 07:54:55.000000', '2024-06-27 07:54:55.000000'),
       (2, true, 9, 9, 'I', 'I9', '2024-06-27 07:54:55.000000', '2024-06-27 07:54:55.000000'),
       (2, true, 10, 10, 'I', 'I10', '2024-06-27 07:54:55.000000', '2024-06-27 07:54:55.000000'),
       (2, true, 11, 11, 'I', 'I11', '2024-06-27 07:54:55.000000', '2024-06-27 07:54:55.000000'),
       (2, true, 12, 12, 'I', 'I12', '2024-06-27 07:54:55.000000', '2024-06-27 07:54:55.000000'),
       (2, true, 13, 13, 'I', 'I13', '2024-06-27 07:54:55.000000', '2024-06-27 07:54:55.000000'),
       (2, true, 1, 1, 'J', 'J1', '2024-06-27 07:54:55.000000', '2024-06-27 07:54:55.000000'),
       (2, true, 2, 2, 'J', 'J2', '2024-06-27 07:54:55.000000', '2024-06-27 07:54:55.000000'),
       (2, true, 3, 3, 'J', 'J3', '2024-06-27 07:54:55.000000', '2024-06-27 07:54:55.000000'),
       (2, true, 4, 4, 'J', 'J4', '2024-06-27 07:54:55.000000', '2024-06-27 07:54:55.000000'),
       (2, true, 5, 5, 'J', 'J5', '2024-06-27 07:54:55.000000', '2024-06-27 07:54:55.000000'),
       (2, true, 6, 6, 'J', 'J6', '2024-06-27 07:54:55.000000', '2024-06-27 07:54:55.000000'),
       (2, true, 7, 7, 'J', 'J7', '2024-06-27 07:54:55.000000', '2024-06-27 07:54:55.000000'),
       (2, true, 8, 8, 'J', 'J8', '2024-06-27 07:54:55.000000', '2024-06-27 07:54:55.000000'),
       (2, true, 9, 9, 'J', 'J9', '2024-06-27 07:54:55.000000', '2024-06-27 07:54:55.000000'),
       (2, true, 10, 10, 'J', 'J10', '2024-06-27 07:54:55.000000', '2024-06-27 07:54:55.000000'),
       (2, true, 11, 11, 'J', 'J11', '2024-06-27 07:54:55.000000', '2024-06-27 07:54:55.000000'),
       (2, true, 12, 12, 'J', 'J12', '2024-06-27 07:54:55.000000', '2024-06-27 07:54:55.000000'),
       (2, true, 13, 13, 'J', 'J13', '2024-06-27 07:54:55.000000', '2024-06-27 07:54:55.000000'),
       (2, true, 1, 1, 'K', 'K1', '2024-06-27 07:54:55.000000', '2024-06-27 07:54:55.000000'),
       (2, true, 2, 2, 'K', 'K2', '2024-06-27 07:54:55.000000', '2024-06-27 07:54:55.000000'),
       (2, true, 3, 3, 'K', 'K3', '2024-06-27 07:54:55.000000', '2024-06-27 07:54:55.000000'),
       (2, true, 4, 4, 'K', 'K4', '2024-06-27 07:54:55.000000', '2024-06-27 07:54:55.000000'),
       (2, true, 5, 5, 'K', 'K5', '2024-06-27 07:54:55.000000', '2024-06-27 07:54:55.000000'),
       (2, true, 6, 6, 'K', 'K6', '2024-06-27 07:54:55.000000', '2024-06-27 07:54:55.000000'),
       (2, true, 7, 7, 'K', 'K7', '2024-06-27 07:54:55.000000', '2024-06-27 07:54:55.000000'),
       (2, true, 8, 8, 'K', 'K8', '2024-06-27 07:54:55.000000', '2024-06-27 07:54:55.000000'),
       (2, true, 9, 9, 'K', 'K9', '2024-06-27 07:54:55.000000', '2024-06-27 07:54:55.000000'),
       (2, true, 10, 10, 'K', 'K10', '2024-06-27 07:54:55.000000', '2024-06-27 07:54:55.000000'),
       (2, true, 11, 11, 'K', 'K11', '2024-06-27 07:54:55.000000', '2024-06-27 07:54:55.000000'),
       (2, true, 12, 12, 'K', 'K12', '2024-06-27 07:54:55.000000', '2024-06-27 07:54:55.000000'),
       (2, true, 13, 13, 'K', 'K13', '2024-06-27 07:54:55.000000', '2024-06-27 07:54:55.000000'),
       (2, true, 1, 1, 'L', 'L1', '2024-06-27 07:54:55.000000', '2024-06-27 07:54:55.000000'),
       (2, true, 2, 2, 'L', 'L2', '2024-06-27 07:54:55.000000', '2024-06-27 07:54:55.000000'),
       (2, true, 3, 3, 'L', 'L3', '2024-06-27 07:54:55.000000', '2024-06-27 07:54:55.000000'),
       (2, true, 4, 4, 'L', 'L4', '2024-06-27 07:54:55.000000', '2024-06-27 07:54:55.000000'),
       (2, true, 5, 5, 'L', 'L5', '2024-06-27 07:54:55.000000', '2024-06-27 07:54:55.000000'),
       (2, true, 6, 6, 'L', 'L6', '2024-06-27 07:54:55.000000', '2024-06-27 07:54:55.000000'),
       (2, true, 7, 7, 'L', 'L7', '2024-06-27 07:54:55.000000', '2024-06-27 07:54:55.000000'),
       (2, true, 8, 8, 'L', 'L8', '2024-06-27 07:54:55.000000', '2024-06-27 07:54:55.000000'),
       (2, true, 9, 9, 'L', 'L9', '2024-06-27 07:54:55.000000', '2024-06-27 07:54:55.000000'),
       (2, true, 10, 10, 'L', 'L10', '2024-06-27 07:54:55.000000', '2024-06-27 07:54:55.000000'),
       (2, true, 11, 11, 'L', 'L11', '2024-06-27 07:54:55.000000', '2024-06-27 07:54:55.000000'),
       (2, true, 12, 12, 'L', 'L12', '2024-06-27 07:54:55.000000', '2024-06-27 07:54:55.000000'),
       (2, true, 13, 13, 'L', 'L13', '2024-06-27 07:54:55.000000', '2024-06-27 07:54:55.000000');

INSERT INTO capstone.seat (hall_id, is_active, seat_column, seat_number, seat_row, seat_code, created_at,
                           updated_at)
VALUES (3, true, 1, 1, 'A', 'A1', '2024-06-27 07:54:55.000000', '2024-06-27 07:54:55.000000'),
       (3, true, 2, 2, 'A', 'A2', '2024-06-27 07:54:55.000000', '2024-10-15 20:39:38.310515'),
       (3, true, 3, 3, 'A', 'A3', '2024-06-27 07:54:55.000000', '2024-06-27 07:54:55.000000'),
       (3, true, 4, 4, 'A', 'A4', '2024-06-27 07:54:55.000000', '2024-06-27 07:54:55.000000'),
       (3, true, 5, 5, 'A', 'A5', '2024-06-27 07:54:55.000000', '2024-06-27 07:54:55.000000'),
       (3, true, 6, 6, 'A', 'A6', '2024-06-27 07:54:55.000000', '2024-06-27 07:54:55.000000'),
       (3, true, 7, 7, 'A', 'A7', '2024-06-27 07:54:55.000000', '2024-06-27 07:54:55.000000'),
       (3, true, 8, 8, 'A', 'A8', '2024-06-27 07:54:55.000000', '2024-06-27 07:54:55.000000'),
       (3, true, 9, 9, 'A', 'A9', '2024-06-27 07:54:55.000000', '2024-06-27 07:54:55.000000'),
       (3, true, 10, 10, 'A', 'A10', '2024-06-27 07:54:55.000000', '2024-06-27 07:54:55.000000'),
       (3, true, 11, 11, 'A', 'A11', '2024-06-27 07:54:55.000000', '2024-06-27 07:54:55.000000'),
       (3, true, 12, 12, 'A', 'A12', '2024-06-27 07:54:55.000000', '2024-06-27 07:54:55.000000'),
       (3, true, 13, 13, 'A', 'A13', '2024-06-27 07:54:55.000000', '2024-06-27 07:54:55.000000'),
       (3, true, 1, 1, 'B', 'B1', '2024-06-27 07:54:55.000000', '2024-06-27 07:54:55.000000'),
       (3, true, 2, 2, 'B', 'B2', '2024-06-27 07:54:55.000000', '2024-06-27 07:54:55.000000'),
       (3, true, 3, 3, 'B', 'B3', '2024-06-27 07:54:55.000000', '2024-06-27 07:54:55.000000'),
       (3, true, 4, 4, 'B', 'B4', '2024-06-27 07:54:55.000000', '2024-06-27 07:54:55.000000'),
       (3, true, 5, 5, 'B', 'B5', '2024-06-27 07:54:55.000000', '2024-06-27 07:54:55.000000'),
       (3, true, 6, 6, 'B', 'B6', '2024-06-27 07:54:55.000000', '2024-06-27 07:54:55.000000'),
       (3, true, 7, 7, 'B', 'B7', '2024-06-27 07:54:55.000000', '2024-06-27 07:54:55.000000'),
       (3, true, 8, 8, 'B', 'B8', '2024-06-27 07:54:55.000000', '2024-06-27 07:54:55.000000'),
       (3, true, 9, 9, 'B', 'B9', '2024-06-27 07:54:55.000000', '2024-06-27 07:54:55.000000'),
       (3, true, 10, 10, 'B', 'B10', '2024-06-27 07:54:55.000000', '2024-06-27 07:54:55.000000'),
       (3, true, 11, 11, 'B', 'B11', '2024-06-27 07:54:55.000000', '2024-06-27 07:54:55.000000'),
       (3, true, 12, 12, 'B', 'B12', '2024-06-27 07:54:55.000000', '2024-06-27 07:54:55.000000'),
       (3, true, 13, 13, 'B', 'B13', '2024-06-27 07:54:55.000000', '2024-06-27 07:54:55.000000'),
       (3, true, 1, 1, 'C', 'C1', '2024-06-27 07:54:55.000000', '2024-06-27 07:54:55.000000'),
       (3, true, 2, 2, 'C', 'C2', '2024-06-27 07:54:55.000000', '2024-06-27 07:54:55.000000'),
       (3, true, 3, 3, 'C', 'C3', '2024-06-27 07:54:55.000000', '2024-06-27 07:54:55.000000'),
       (3, true, 4, 4, 'C', 'C4', '2024-06-27 07:54:55.000000', '2024-06-27 07:54:55.000000'),
       (3, true, 5, 5, 'C', 'C5', '2024-06-27 07:54:55.000000', '2024-06-27 07:54:55.000000'),
       (3, true, 6, 6, 'C', 'C6', '2024-06-27 07:54:55.000000', '2024-06-27 07:54:55.000000'),
       (3, true, 7, 7, 'C', 'C7', '2024-06-27 07:54:55.000000', '2024-06-27 07:54:55.000000'),
       (3, true, 8, 8, 'C', 'C8', '2024-06-27 07:54:55.000000', '2024-06-27 07:54:55.000000'),
       (3, true, 9, 9, 'C', 'C9', '2024-06-27 07:54:55.000000', '2024-06-27 07:54:55.000000'),
       (3, true, 10, 10, 'C', 'C10', '2024-06-27 07:54:55.000000', '2024-06-27 07:54:55.000000'),
       (3, true, 11, 11, 'C', 'C11', '2024-06-27 07:54:55.000000', '2024-06-27 07:54:55.000000'),
       (3, true, 12, 12, 'C', 'C12', '2024-06-27 07:54:55.000000', '2024-06-27 07:54:55.000000'),
       (3, true, 13, 13, 'C', 'C13', '2024-06-27 07:54:55.000000', '2024-06-27 07:54:55.000000'),
       (3, true, 1, 1, 'D', 'D1', '2024-06-27 07:54:55.000000', '2024-06-27 07:54:55.000000'),
       (3, true, 2, 2, 'D', 'D2', '2024-06-27 07:54:55.000000', '2024-06-27 07:54:55.000000'),
       (3, true, 3, 3, 'D', 'D3', '2024-06-27 07:54:55.000000', '2024-06-27 07:54:55.000000'),
       (3, true, 4, 4, 'D', 'D4', '2024-06-27 07:54:55.000000', '2024-06-27 07:54:55.000000'),
       (3, true, 5, 5, 'D', 'D5', '2024-06-27 07:54:55.000000', '2024-06-27 07:54:55.000000'),
       (3, true, 6, 6, 'D', 'D6', '2024-06-27 07:54:55.000000', '2024-06-27 07:54:55.000000'),
       (3, true, 7, 7, 'D', 'D7', '2024-06-27 07:54:55.000000', '2024-06-27 07:54:55.000000'),
       (3, true, 8, 8, 'D', 'D8', '2024-06-27 07:54:55.000000', '2024-06-27 07:54:55.000000'),
       (3, true, 9, 9, 'D', 'D9', '2024-06-27 07:54:55.000000', '2024-06-27 07:54:55.000000'),
       (3, true, 10, 10, 'D', 'D10', '2024-06-27 07:54:55.000000', '2024-06-27 07:54:55.000000'),
       (3, true, 11, 11, 'D', 'D11', '2024-06-27 07:54:55.000000', '2024-06-27 07:54:55.000000'),
       (3, true, 12, 12, 'D', 'D12', '2024-06-27 07:54:55.000000', '2024-06-27 07:54:55.000000'),
       (3, true, 13, 13, 'D', 'D13', '2024-06-27 07:54:55.000000', '2024-06-27 07:54:55.000000'),
       (3, true, 1, 1, 'E', 'E1', '2024-06-27 07:54:55.000000', '2024-06-27 07:54:55.000000'),
       (3, true, 2, 2, 'E', 'E2', '2024-06-27 07:54:55.000000', '2024-06-27 07:54:55.000000'),
       (3, true, 3, 3, 'E', 'E3', '2024-06-27 07:54:55.000000', '2024-06-27 07:54:55.000000'),
       (3, true, 4, 4, 'E', 'E4', '2024-06-27 07:54:55.000000', '2024-06-27 07:54:55.000000'),
       (3, true, 5, 5, 'E', 'E5', '2024-06-27 07:54:55.000000', '2024-06-27 07:54:55.000000'),
       (3, true, 6, 6, 'E', 'E6', '2024-06-27 07:54:55.000000', '2024-06-27 07:54:55.000000'),
       (3, true, 7, 7, 'E', 'E7', '2024-06-27 07:54:55.000000', '2024-06-27 07:54:55.000000'),
       (3, true, 8, 8, 'E', 'E8', '2024-06-27 07:54:55.000000', '2024-06-27 07:54:55.000000'),
       (3, true, 9, 9, 'E', 'E9', '2024-06-27 07:54:55.000000', '2024-06-27 07:54:55.000000'),
       (3, true, 10, 10, 'E', 'E10', '2024-06-27 07:54:55.000000', '2024-06-27 07:54:55.000000'),
       (3, true, 11, 11, 'E', 'E11', '2024-06-27 07:54:55.000000', '2024-06-27 07:54:55.000000'),
       (3, true, 12, 12, 'E', 'E12', '2024-06-27 07:54:55.000000', '2024-06-27 07:54:55.000000'),
       (3, true, 13, 13, 'E', 'E13', '2024-06-27 07:54:55.000000', '2024-06-27 07:54:55.000000'),
       (3, true, 1, 1, 'F', 'F1', '2024-06-27 07:54:55.000000', '2024-06-27 07:54:55.000000'),
       (3, true, 2, 2, 'F', 'F2', '2024-06-27 07:54:55.000000', '2024-06-27 07:54:55.000000'),
       (3, true, 3, 3, 'F', 'F3', '2024-06-27 07:54:55.000000', '2024-06-27 07:54:55.000000'),
       (3, true, 4, 4, 'F', 'F4', '2024-06-27 07:54:55.000000', '2024-06-27 07:54:55.000000'),
       (3, true, 5, 5, 'F', 'F5', '2024-06-27 07:54:55.000000', '2024-06-27 07:54:55.000000'),
       (3, true, 6, 6, 'F', 'F6', '2024-06-27 07:54:55.000000', '2024-06-27 07:54:55.000000'),
       (3, true, 7, 7, 'F', 'F7', '2024-06-27 07:54:55.000000', '2024-06-27 07:54:55.000000'),
       (3, true, 8, 8, 'F', 'F8', '2024-06-27 07:54:55.000000', '2024-06-27 07:54:55.000000'),
       (3, true, 9, 9, 'F', 'F9', '2024-06-27 07:54:55.000000', '2024-06-27 07:54:55.000000'),
       (3, true, 10, 10, 'F', 'F10', '2024-06-27 07:54:55.000000', '2024-06-27 07:54:55.000000'),
       (3, true, 11, 11, 'F', 'F11', '2024-06-27 07:54:55.000000', '2024-06-27 07:54:55.000000'),
       (3, true, 12, 12, 'F', 'F12', '2024-06-27 07:54:55.000000', '2024-06-27 07:54:55.000000'),
       (3, true, 13, 13, 'F', 'F13', '2024-06-27 07:54:55.000000', '2024-06-27 07:54:55.000000'),
       (3, true, 1, 1, 'G', 'G1', '2024-06-27 07:54:55.000000', '2024-06-27 07:54:55.000000'),
       (3, true, 2, 2, 'G', 'G2', '2024-06-27 07:54:55.000000', '2024-06-27 07:54:55.000000'),
       (3, true, 3, 3, 'G', 'G3', '2024-06-27 07:54:55.000000', '2024-06-27 07:54:55.000000'),
       (3, true, 4, 4, 'G', 'G4', '2024-06-27 07:54:55.000000', '2024-06-27 07:54:55.000000'),
       (3, true, 5, 5, 'G', 'G5', '2024-06-27 07:54:55.000000', '2024-06-27 07:54:55.000000'),
       (3, true, 6, 6, 'G', 'G6', '2024-06-27 07:54:55.000000', '2024-06-27 07:54:55.000000'),
       (3, true, 7, 7, 'G', 'G7', '2024-06-27 07:54:55.000000', '2024-06-27 07:54:55.000000'),
       (3, true, 8, 8, 'G', 'G8', '2024-06-27 07:54:55.000000', '2024-06-27 07:54:55.000000'),
       (3, true, 9, 9, 'G', 'G9', '2024-06-27 07:54:55.000000', '2024-06-27 07:54:55.000000'),
       (3, true, 10, 10, 'G', 'G10', '2024-06-27 07:54:55.000000', '2024-06-27 07:54:55.000000'),
       (3, true, 11, 11, 'G', 'G11', '2024-06-27 07:54:55.000000', '2024-06-27 07:54:55.000000'),
       (3, true, 12, 12, 'G', 'G12', '2024-06-27 07:54:55.000000', '2024-06-27 07:54:55.000000'),
       (3, true, 13, 13, 'G', 'G13', '2024-06-27 07:54:55.000000', '2024-06-27 07:54:55.000000'),
       (3, true, 1, 1, 'H', 'H1', '2024-06-27 07:54:55.000000', '2024-06-27 07:54:55.000000'),
       (3, true, 2, 2, 'H', 'H2', '2024-06-27 07:54:55.000000', '2024-06-27 07:54:55.000000'),
       (3, true, 3, 3, 'H', 'H3', '2024-06-27 07:54:55.000000', '2024-06-27 07:54:55.000000'),
       (3, true, 4, 4, 'H', 'H4', '2024-06-27 07:54:55.000000', '2024-06-27 07:54:55.000000'),
       (3, true, 5, 5, 'H', 'H5', '2024-06-27 07:54:55.000000', '2024-06-27 07:54:55.000000'),
       (3, true, 6, 6, 'H', 'H6', '2024-06-27 07:54:55.000000', '2024-06-27 07:54:55.000000'),
       (3, true, 7, 7, 'H', 'H7', '2024-06-27 07:54:55.000000', '2024-06-27 07:54:55.000000'),
       (3, true, 8, 8, 'H', 'H8', '2024-06-27 07:54:55.000000', '2024-06-27 07:54:55.000000'),
       (3, true, 9, 9, 'H', 'H9', '2024-06-27 07:54:55.000000', '2024-06-27 07:54:55.000000'),
       (3, true, 10, 10, 'H', 'H10', '2024-06-27 07:54:55.000000', '2024-06-27 07:54:55.000000'),
       (3, true, 11, 11, 'H', 'H11', '2024-06-27 07:54:55.000000', '2024-06-27 07:54:55.000000'),
       (3, true, 12, 12, 'H', 'H12', '2024-06-27 07:54:55.000000', '2024-06-27 07:54:55.000000'),
       (3, true, 13, 13, 'H', 'H13', '2024-06-27 07:54:55.000000', '2024-06-27 07:54:55.000000'),
       (3, true, 1, 1, 'I', 'I1', '2024-06-27 07:54:55.000000', '2024-06-27 07:54:55.000000'),
       (3, true, 2, 2, 'I', 'I2', '2024-06-27 07:54:55.000000', '2024-06-27 07:54:55.000000'),
       (3, true, 3, 3, 'I', 'I3', '2024-06-27 07:54:55.000000', '2024-06-27 07:54:55.000000'),
       (3, true, 4, 4, 'I', 'I4', '2024-06-27 07:54:55.000000', '2024-06-27 07:54:55.000000'),
       (3, true, 5, 5, 'I', 'I5', '2024-06-27 07:54:55.000000', '2024-06-27 07:54:55.000000'),
       (3, true, 6, 6, 'I', 'I6', '2024-06-27 07:54:55.000000', '2024-06-27 07:54:55.000000'),
       (3, true, 7, 7, 'I', 'I7', '2024-06-27 07:54:55.000000', '2024-06-27 07:54:55.000000'),
       (3, true, 8, 8, 'I', 'I8', '2024-06-27 07:54:55.000000', '2024-06-27 07:54:55.000000'),
       (3, true, 9, 9, 'I', 'I9', '2024-06-27 07:54:55.000000', '2024-06-27 07:54:55.000000'),
       (3, true, 10, 10, 'I', 'I10', '2024-06-27 07:54:55.000000', '2024-06-27 07:54:55.000000'),
       (3, true, 11, 11, 'I', 'I11', '2024-06-27 07:54:55.000000', '2024-06-27 07:54:55.000000'),
       (3, true, 12, 12, 'I', 'I12', '2024-06-27 07:54:55.000000', '2024-06-27 07:54:55.000000'),
       (3, true, 13, 13, 'I', 'I13', '2024-06-27 07:54:55.000000', '2024-06-27 07:54:55.000000'),
       (3, true, 1, 1, 'J', 'J1', '2024-06-27 07:54:55.000000', '2024-06-27 07:54:55.000000'),
       (3, true, 2, 2, 'J', 'J2', '2024-06-27 07:54:55.000000', '2024-06-27 07:54:55.000000'),
       (3, true, 3, 3, 'J', 'J3', '2024-06-27 07:54:55.000000', '2024-06-27 07:54:55.000000'),
       (3, true, 4, 4, 'J', 'J4', '2024-06-27 07:54:55.000000', '2024-06-27 07:54:55.000000'),
       (3, true, 5, 5, 'J', 'J5', '2024-06-27 07:54:55.000000', '2024-06-27 07:54:55.000000'),
       (3, true, 6, 6, 'J', 'J6', '2024-06-27 07:54:55.000000', '2024-06-27 07:54:55.000000'),
       (3, true, 7, 7, 'J', 'J7', '2024-06-27 07:54:55.000000', '2024-06-27 07:54:55.000000'),
       (3, true, 8, 8, 'J', 'J8', '2024-06-27 07:54:55.000000', '2024-06-27 07:54:55.000000'),
       (3, true, 9, 9, 'J', 'J9', '2024-06-27 07:54:55.000000', '2024-06-27 07:54:55.000000'),
       (3, true, 10, 10, 'J', 'J10', '2024-06-27 07:54:55.000000', '2024-06-27 07:54:55.000000'),
       (3, true, 11, 11, 'J', 'J11', '2024-06-27 07:54:55.000000', '2024-06-27 07:54:55.000000'),
       (3, true, 12, 12, 'J', 'J12', '2024-06-27 07:54:55.000000', '2024-06-27 07:54:55.000000'),
       (3, true, 13, 13, 'J', 'J13', '2024-06-27 07:54:55.000000', '2024-06-27 07:54:55.000000'),
       (3, true, 1, 1, 'K', 'K1', '2024-06-27 07:54:55.000000', '2024-06-27 07:54:55.000000'),
       (3, true, 2, 2, 'K', 'K2', '2024-06-27 07:54:55.000000', '2024-06-27 07:54:55.000000'),
       (3, true, 3, 3, 'K', 'K3', '2024-06-27 07:54:55.000000', '2024-06-27 07:54:55.000000'),
       (3, true, 4, 4, 'K', 'K4', '2024-06-27 07:54:55.000000', '2024-06-27 07:54:55.000000'),
       (3, true, 5, 5, 'K', 'K5', '2024-06-27 07:54:55.000000', '2024-06-27 07:54:55.000000'),
       (3, true, 6, 6, 'K', 'K6', '2024-06-27 07:54:55.000000', '2024-06-27 07:54:55.000000'),
       (3, true, 7, 7, 'K', 'K7', '2024-06-27 07:54:55.000000', '2024-06-27 07:54:55.000000'),
       (3, true, 8, 8, 'K', 'K8', '2024-06-27 07:54:55.000000', '2024-06-27 07:54:55.000000'),
       (3, true, 9, 9, 'K', 'K9', '2024-06-27 07:54:55.000000', '2024-06-27 07:54:55.000000'),
       (3, true, 10, 10, 'K', 'K10', '2024-06-27 07:54:55.000000', '2024-06-27 07:54:55.000000'),
       (3, true, 11, 11, 'K', 'K11', '2024-06-27 07:54:55.000000', '2024-06-27 07:54:55.000000'),
       (3, true, 12, 12, 'K', 'K12', '2024-06-27 07:54:55.000000', '2024-06-27 07:54:55.000000'),
       (3, true, 13, 13, 'K', 'K13', '2024-06-27 07:54:55.000000', '2024-06-27 07:54:55.000000'),
       (3, true, 1, 1, 'L', 'L1', '2024-06-27 07:54:55.000000', '2024-06-27 07:54:55.000000'),
       (3, true, 2, 2, 'L', 'L2', '2024-06-27 07:54:55.000000', '2024-06-27 07:54:55.000000'),
       (3, true, 3, 3, 'L', 'L3', '2024-06-27 07:54:55.000000', '2024-06-27 07:54:55.000000'),
       (3, true, 4, 4, 'L', 'L4', '2024-06-27 07:54:55.000000', '2024-06-27 07:54:55.000000'),
       (3, true, 5, 5, 'L', 'L5', '2024-06-27 07:54:55.000000', '2024-06-27 07:54:55.000000'),
       (3, true, 6, 6, 'L', 'L6', '2024-06-27 07:54:55.000000', '2024-06-27 07:54:55.000000'),
       (3, true, 7, 7, 'L', 'L7', '2024-06-27 07:54:55.000000', '2024-06-27 07:54:55.000000'),
       (3, true, 8, 8, 'L', 'L8', '2024-06-27 07:54:55.000000', '2024-06-27 07:54:55.000000'),
       (3, true, 9, 9, 'L', 'L9', '2024-06-27 07:54:55.000000', '2024-06-27 07:54:55.000000'),
       (3, true, 10, 10, 'L', 'L10', '2024-06-27 07:54:55.000000', '2024-06-27 07:54:55.000000'),
       (3, true, 11, 11, 'L', 'L11', '2024-06-27 07:54:55.000000', '2024-06-27 07:54:55.000000'),
       (3, true, 12, 12, 'L', 'L12', '2024-06-27 07:54:55.000000', '2024-06-27 07:54:55.000000'),
       (3, true, 13, 13, 'L', 'L13', '2024-06-27 07:54:55.000000', '2024-06-27 07:54:55.000000');

INSERT INTO capstone.seat (hall_id, is_active, seat_column, seat_number, seat_row, seat_code, created_at,
                           updated_at)
VALUES (4, true, 1, 1, 'A', 'A1', '2024-06-27 07:54:55.000000', '2024-06-27 07:54:55.000000'),
       (4, true, 2, 2, 'A', 'A2', '2024-06-27 07:54:55.000000', '2024-10-15 20:39:38.310515'),
       (4, true, 3, 3, 'A', 'A3', '2024-06-27 07:54:55.000000', '2024-06-27 07:54:55.000000'),
       (4, true, 4, 4, 'A', 'A4', '2024-06-27 07:54:55.000000', '2024-06-27 07:54:55.000000'),
       (4, true, 5, 5, 'A', 'A5', '2024-06-27 07:54:55.000000', '2024-06-27 07:54:55.000000'),
       (4, true, 6, 6, 'A', 'A6', '2024-06-27 07:54:55.000000', '2024-06-27 07:54:55.000000'),
       (4, true, 7, 7, 'A', 'A7', '2024-06-27 07:54:55.000000', '2024-06-27 07:54:55.000000'),
       (4, true, 8, 8, 'A', 'A8', '2024-06-27 07:54:55.000000', '2024-06-27 07:54:55.000000'),
       (4, true, 9, 9, 'A', 'A9', '2024-06-27 07:54:55.000000', '2024-06-27 07:54:55.000000'),
       (4, true, 10, 10, 'A', 'A10', '2024-06-27 07:54:55.000000', '2024-06-27 07:54:55.000000'),
       (4, true, 11, 11, 'A', 'A11', '2024-06-27 07:54:55.000000', '2024-06-27 07:54:55.000000'),
       (4, true, 12, 12, 'A', 'A12', '2024-06-27 07:54:55.000000', '2024-06-27 07:54:55.000000'),
       (4, true, 13, 13, 'A', 'A13', '2024-06-27 07:54:55.000000', '2024-06-27 07:54:55.000000'),
       (4, true, 1, 1, 'B', 'B1', '2024-06-27 07:54:55.000000', '2024-06-27 07:54:55.000000'),
       (4, true, 2, 2, 'B', 'B2', '2024-06-27 07:54:55.000000', '2024-06-27 07:54:55.000000'),
       (4, true, 3, 3, 'B', 'B3', '2024-06-27 07:54:55.000000', '2024-06-27 07:54:55.000000'),
       (4, true, 4, 4, 'B', 'B4', '2024-06-27 07:54:55.000000', '2024-06-27 07:54:55.000000'),
       (4, true, 5, 5, 'B', 'B5', '2024-06-27 07:54:55.000000', '2024-06-27 07:54:55.000000'),
       (4, true, 6, 6, 'B', 'B6', '2024-06-27 07:54:55.000000', '2024-06-27 07:54:55.000000'),
       (4, true, 7, 7, 'B', 'B7', '2024-06-27 07:54:55.000000', '2024-06-27 07:54:55.000000'),
       (4, true, 8, 8, 'B', 'B8', '2024-06-27 07:54:55.000000', '2024-06-27 07:54:55.000000'),
       (4, true, 9, 9, 'B', 'B9', '2024-06-27 07:54:55.000000', '2024-06-27 07:54:55.000000'),
       (4, true, 10, 10, 'B', 'B10', '2024-06-27 07:54:55.000000', '2024-06-27 07:54:55.000000'),
       (4, true, 11, 11, 'B', 'B11', '2024-06-27 07:54:55.000000', '2024-06-27 07:54:55.000000'),
       (4, true, 12, 12, 'B', 'B12', '2024-06-27 07:54:55.000000', '2024-06-27 07:54:55.000000'),
       (4, true, 13, 13, 'B', 'B13', '2024-06-27 07:54:55.000000', '2024-06-27 07:54:55.000000'),
       (4, true, 1, 1, 'C', 'C1', '2024-06-27 07:54:55.000000', '2024-06-27 07:54:55.000000'),
       (4, true, 2, 2, 'C', 'C2', '2024-06-27 07:54:55.000000', '2024-06-27 07:54:55.000000'),
       (4, true, 3, 3, 'C', 'C3', '2024-06-27 07:54:55.000000', '2024-06-27 07:54:55.000000'),
       (4, true, 4, 4, 'C', 'C4', '2024-06-27 07:54:55.000000', '2024-06-27 07:54:55.000000'),
       (4, true, 5, 5, 'C', 'C5', '2024-06-27 07:54:55.000000', '2024-06-27 07:54:55.000000'),
       (4, true, 6, 6, 'C', 'C6', '2024-06-27 07:54:55.000000', '2024-06-27 07:54:55.000000'),
       (4, true, 7, 7, 'C', 'C7', '2024-06-27 07:54:55.000000', '2024-06-27 07:54:55.000000'),
       (4, true, 8, 8, 'C', 'C8', '2024-06-27 07:54:55.000000', '2024-06-27 07:54:55.000000'),
       (4, true, 9, 9, 'C', 'C9', '2024-06-27 07:54:55.000000', '2024-06-27 07:54:55.000000'),
       (4, true, 10, 10, 'C', 'C10', '2024-06-27 07:54:55.000000', '2024-06-27 07:54:55.000000'),
       (4, true, 11, 11, 'C', 'C11', '2024-06-27 07:54:55.000000', '2024-06-27 07:54:55.000000'),
       (4, true, 12, 12, 'C', 'C12', '2024-06-27 07:54:55.000000', '2024-06-27 07:54:55.000000'),
       (4, true, 13, 13, 'C', 'C13', '2024-06-27 07:54:55.000000', '2024-06-27 07:54:55.000000'),
       (4, true, 1, 1, 'D', 'D1', '2024-06-27 07:54:55.000000', '2024-06-27 07:54:55.000000'),
       (4, true, 2, 2, 'D', 'D2', '2024-06-27 07:54:55.000000', '2024-06-27 07:54:55.000000'),
       (4, true, 3, 3, 'D', 'D3', '2024-06-27 07:54:55.000000', '2024-06-27 07:54:55.000000'),
       (4, true, 4, 4, 'D', 'D4', '2024-06-27 07:54:55.000000', '2024-06-27 07:54:55.000000'),
       (4, true, 5, 5, 'D', 'D5', '2024-06-27 07:54:55.000000', '2024-06-27 07:54:55.000000'),
       (4, true, 6, 6, 'D', 'D6', '2024-06-27 07:54:55.000000', '2024-06-27 07:54:55.000000'),
       (4, true, 7, 7, 'D', 'D7', '2024-06-27 07:54:55.000000', '2024-06-27 07:54:55.000000'),
       (4, true, 8, 8, 'D', 'D8', '2024-06-27 07:54:55.000000', '2024-06-27 07:54:55.000000'),
       (4, true, 9, 9, 'D', 'D9', '2024-06-27 07:54:55.000000', '2024-06-27 07:54:55.000000'),
       (4, true, 10, 10, 'D', 'D10', '2024-06-27 07:54:55.000000', '2024-06-27 07:54:55.000000'),
       (4, true, 11, 11, 'D', 'D11', '2024-06-27 07:54:55.000000', '2024-06-27 07:54:55.000000'),
       (4, true, 12, 12, 'D', 'D12', '2024-06-27 07:54:55.000000', '2024-06-27 07:54:55.000000'),
       (4, true, 13, 13, 'D', 'D13', '2024-06-27 07:54:55.000000', '2024-06-27 07:54:55.000000'),
       (4, true, 1, 1, 'E', 'E1', '2024-06-27 07:54:55.000000', '2024-06-27 07:54:55.000000'),
       (4, true, 2, 2, 'E', 'E2', '2024-06-27 07:54:55.000000', '2024-06-27 07:54:55.000000'),
       (4, true, 3, 3, 'E', 'E3', '2024-06-27 07:54:55.000000', '2024-06-27 07:54:55.000000'),
       (4, true, 4, 4, 'E', 'E4', '2024-06-27 07:54:55.000000', '2024-06-27 07:54:55.000000'),
       (4, true, 5, 5, 'E', 'E5', '2024-06-27 07:54:55.000000', '2024-06-27 07:54:55.000000'),
       (4, true, 6, 6, 'E', 'E6', '2024-06-27 07:54:55.000000', '2024-06-27 07:54:55.000000'),
       (4, true, 7, 7, 'E', 'E7', '2024-06-27 07:54:55.000000', '2024-06-27 07:54:55.000000'),
       (4, true, 8, 8, 'E', 'E8', '2024-06-27 07:54:55.000000', '2024-06-27 07:54:55.000000'),
       (4, true, 9, 9, 'E', 'E9', '2024-06-27 07:54:55.000000', '2024-06-27 07:54:55.000000'),
       (4, true, 10, 10, 'E', 'E10', '2024-06-27 07:54:55.000000', '2024-06-27 07:54:55.000000'),
       (4, true, 11, 11, 'E', 'E11', '2024-06-27 07:54:55.000000', '2024-06-27 07:54:55.000000'),
       (4, true, 12, 12, 'E', 'E12', '2024-06-27 07:54:55.000000', '2024-06-27 07:54:55.000000'),
       (4, true, 13, 13, 'E', 'E13', '2024-06-27 07:54:55.000000', '2024-06-27 07:54:55.000000'),
       (4, true, 1, 1, 'F', 'F1', '2024-06-27 07:54:55.000000', '2024-06-27 07:54:55.000000'),
       (4, true, 2, 2, 'F', 'F2', '2024-06-27 07:54:55.000000', '2024-06-27 07:54:55.000000'),
       (4, true, 3, 3, 'F', 'F3', '2024-06-27 07:54:55.000000', '2024-06-27 07:54:55.000000'),
       (4, true, 4, 4, 'F', 'F4', '2024-06-27 07:54:55.000000', '2024-06-27 07:54:55.000000'),
       (4, true, 5, 5, 'F', 'F5', '2024-06-27 07:54:55.000000', '2024-06-27 07:54:55.000000'),
       (4, true, 6, 6, 'F', 'F6', '2024-06-27 07:54:55.000000', '2024-06-27 07:54:55.000000'),
       (4, true, 7, 7, 'F', 'F7', '2024-06-27 07:54:55.000000', '2024-06-27 07:54:55.000000'),
       (4, true, 8, 8, 'F', 'F8', '2024-06-27 07:54:55.000000', '2024-06-27 07:54:55.000000'),
       (4, true, 9, 9, 'F', 'F9', '2024-06-27 07:54:55.000000', '2024-06-27 07:54:55.000000'),
       (4, true, 10, 10, 'F', 'F10', '2024-06-27 07:54:55.000000', '2024-06-27 07:54:55.000000'),
       (4, true, 11, 11, 'F', 'F11', '2024-06-27 07:54:55.000000', '2024-06-27 07:54:55.000000'),
       (4, true, 12, 12, 'F', 'F12', '2024-06-27 07:54:55.000000', '2024-06-27 07:54:55.000000'),
       (4, true, 13, 13, 'F', 'F13', '2024-06-27 07:54:55.000000', '2024-06-27 07:54:55.000000'),
       (4, true, 1, 1, 'G', 'G1', '2024-06-27 07:54:55.000000', '2024-06-27 07:54:55.000000'),
       (4, true, 2, 2, 'G', 'G2', '2024-06-27 07:54:55.000000', '2024-06-27 07:54:55.000000'),
       (4, true, 3, 3, 'G', 'G3', '2024-06-27 07:54:55.000000', '2024-06-27 07:54:55.000000'),
       (4, true, 4, 4, 'G', 'G4', '2024-06-27 07:54:55.000000', '2024-06-27 07:54:55.000000'),
       (4, true, 5, 5, 'G', 'G5', '2024-06-27 07:54:55.000000', '2024-06-27 07:54:55.000000'),
       (4, true, 6, 6, 'G', 'G6', '2024-06-27 07:54:55.000000', '2024-06-27 07:54:55.000000'),
       (4, true, 7, 7, 'G', 'G7', '2024-06-27 07:54:55.000000', '2024-06-27 07:54:55.000000'),
       (4, true, 8, 8, 'G', 'G8', '2024-06-27 07:54:55.000000', '2024-06-27 07:54:55.000000'),
       (4, true, 9, 9, 'G', 'G9', '2024-06-27 07:54:55.000000', '2024-06-27 07:54:55.000000'),
       (4, true, 10, 10, 'G', 'G10', '2024-06-27 07:54:55.000000', '2024-06-27 07:54:55.000000'),
       (4, true, 11, 11, 'G', 'G11', '2024-06-27 07:54:55.000000', '2024-06-27 07:54:55.000000'),
       (4, true, 12, 12, 'G', 'G12', '2024-06-27 07:54:55.000000', '2024-06-27 07:54:55.000000'),
       (4, true, 13, 13, 'G', 'G13', '2024-06-27 07:54:55.000000', '2024-06-27 07:54:55.000000'),
       (4, true, 1, 1, 'H', 'H1', '2024-06-27 07:54:55.000000', '2024-06-27 07:54:55.000000'),
       (4, true, 2, 2, 'H', 'H2', '2024-06-27 07:54:55.000000', '2024-06-27 07:54:55.000000'),
       (4, true, 3, 3, 'H', 'H3', '2024-06-27 07:54:55.000000', '2024-06-27 07:54:55.000000'),
       (4, true, 4, 4, 'H', 'H4', '2024-06-27 07:54:55.000000', '2024-06-27 07:54:55.000000'),
       (4, true, 5, 5, 'H', 'H5', '2024-06-27 07:54:55.000000', '2024-06-27 07:54:55.000000'),
       (4, true, 6, 6, 'H', 'H6', '2024-06-27 07:54:55.000000', '2024-06-27 07:54:55.000000'),
       (4, true, 7, 7, 'H', 'H7', '2024-06-27 07:54:55.000000', '2024-06-27 07:54:55.000000'),
       (4, true, 8, 8, 'H', 'H8', '2024-06-27 07:54:55.000000', '2024-06-27 07:54:55.000000'),
       (4, true, 9, 9, 'H', 'H9', '2024-06-27 07:54:55.000000', '2024-06-27 07:54:55.000000'),
       (4, true, 10, 10, 'H', 'H10', '2024-06-27 07:54:55.000000', '2024-06-27 07:54:55.000000'),
       (4, true, 11, 11, 'H', 'H11', '2024-06-27 07:54:55.000000', '2024-06-27 07:54:55.000000'),
       (4, true, 12, 12, 'H', 'H12', '2024-06-27 07:54:55.000000', '2024-06-27 07:54:55.000000'),
       (4, true, 13, 13, 'H', 'H13', '2024-06-27 07:54:55.000000', '2024-06-27 07:54:55.000000'),
       (4, true, 1, 1, 'I', 'I1', '2024-06-27 07:54:55.000000', '2024-06-27 07:54:55.000000'),
       (4, true, 2, 2, 'I', 'I2', '2024-06-27 07:54:55.000000', '2024-06-27 07:54:55.000000'),
       (4, true, 3, 3, 'I', 'I3', '2024-06-27 07:54:55.000000', '2024-06-27 07:54:55.000000'),
       (4, true, 4, 4, 'I', 'I4', '2024-06-27 07:54:55.000000', '2024-06-27 07:54:55.000000'),
       (4, true, 5, 5, 'I', 'I5', '2024-06-27 07:54:55.000000', '2024-06-27 07:54:55.000000'),
       (4, true, 6, 6, 'I', 'I6', '2024-06-27 07:54:55.000000', '2024-06-27 07:54:55.000000'),
       (4, true, 7, 7, 'I', 'I7', '2024-06-27 07:54:55.000000', '2024-06-27 07:54:55.000000'),
       (4, true, 8, 8, 'I', 'I8', '2024-06-27 07:54:55.000000', '2024-06-27 07:54:55.000000'),
       (4, true, 9, 9, 'I', 'I9', '2024-06-27 07:54:55.000000', '2024-06-27 07:54:55.000000'),
       (4, true, 10, 10, 'I', 'I10', '2024-06-27 07:54:55.000000', '2024-06-27 07:54:55.000000'),
       (4, true, 11, 11, 'I', 'I11', '2024-06-27 07:54:55.000000', '2024-06-27 07:54:55.000000'),
       (4, true, 12, 12, 'I', 'I12', '2024-06-27 07:54:55.000000', '2024-06-27 07:54:55.000000'),
       (4, true, 13, 13, 'I', 'I13', '2024-06-27 07:54:55.000000', '2024-06-27 07:54:55.000000'),
       (4, true, 1, 1, 'J', 'J1', '2024-06-27 07:54:55.000000', '2024-06-27 07:54:55.000000'),
       (4, true, 2, 2, 'J', 'J2', '2024-06-27 07:54:55.000000', '2024-06-27 07:54:55.000000'),
       (4, true, 3, 3, 'J', 'J3', '2024-06-27 07:54:55.000000', '2024-06-27 07:54:55.000000'),
       (4, true, 4, 4, 'J', 'J4', '2024-06-27 07:54:55.000000', '2024-06-27 07:54:55.000000'),
       (4, true, 5, 5, 'J', 'J5', '2024-06-27 07:54:55.000000', '2024-06-27 07:54:55.000000'),
       (4, true, 6, 6, 'J', 'J6', '2024-06-27 07:54:55.000000', '2024-06-27 07:54:55.000000'),
       (4, true, 7, 7, 'J', 'J7', '2024-06-27 07:54:55.000000', '2024-06-27 07:54:55.000000'),
       (4, true, 8, 8, 'J', 'J8', '2024-06-27 07:54:55.000000', '2024-06-27 07:54:55.000000'),
       (4, true, 9, 9, 'J', 'J9', '2024-06-27 07:54:55.000000', '2024-06-27 07:54:55.000000'),
       (4, true, 10, 10, 'J', 'J10', '2024-06-27 07:54:55.000000', '2024-06-27 07:54:55.000000'),
       (4, true, 11, 11, 'J', 'J11', '2024-06-27 07:54:55.000000', '2024-06-27 07:54:55.000000'),
       (4, true, 12, 12, 'J', 'J12', '2024-06-27 07:54:55.000000', '2024-06-27 07:54:55.000000'),
       (4, true, 13, 13, 'J', 'J13', '2024-06-27 07:54:55.000000', '2024-06-27 07:54:55.000000'),
       (4, true, 1, 1, 'K', 'K1', '2024-06-27 07:54:55.000000', '2024-06-27 07:54:55.000000'),
       (4, true, 2, 2, 'K', 'K2', '2024-06-27 07:54:55.000000', '2024-06-27 07:54:55.000000'),
       (4, true, 3, 3, 'K', 'K3', '2024-06-27 07:54:55.000000', '2024-06-27 07:54:55.000000'),
       (4, true, 4, 4, 'K', 'K4', '2024-06-27 07:54:55.000000', '2024-06-27 07:54:55.000000'),
       (4, true, 5, 5, 'K', 'K5', '2024-06-27 07:54:55.000000', '2024-06-27 07:54:55.000000'),
       (4, true, 6, 6, 'K', 'K6', '2024-06-27 07:54:55.000000', '2024-06-27 07:54:55.000000'),
       (4, true, 7, 7, 'K', 'K7', '2024-06-27 07:54:55.000000', '2024-06-27 07:54:55.000000'),
       (4, true, 8, 8, 'K', 'K8', '2024-06-27 07:54:55.000000', '2024-06-27 07:54:55.000000'),
       (4, true, 9, 9, 'K', 'K9', '2024-06-27 07:54:55.000000', '2024-06-27 07:54:55.000000'),
       (4, true, 10, 10, 'K', 'K10', '2024-06-27 07:54:55.000000', '2024-06-27 07:54:55.000000'),
       (4, true, 11, 11, 'K', 'K11', '2024-06-27 07:54:55.000000', '2024-06-27 07:54:55.000000'),
       (4, true, 12, 12, 'K', 'K12', '2024-06-27 07:54:55.000000', '2024-06-27 07:54:55.000000'),
       (4, true, 13, 13, 'K', 'K13', '2024-06-27 07:54:55.000000', '2024-06-27 07:54:55.000000'),
       (4, true, 1, 1, 'L', 'L1', '2024-06-27 07:54:55.000000', '2024-06-27 07:54:55.000000'),
       (4, true, 2, 2, 'L', 'L2', '2024-06-27 07:54:55.000000', '2024-06-27 07:54:55.000000'),
       (4, true, 3, 3, 'L', 'L3', '2024-06-27 07:54:55.000000', '2024-06-27 07:54:55.000000'),
       (4, true, 4, 4, 'L', 'L4', '2024-06-27 07:54:55.000000', '2024-06-27 07:54:55.000000'),
       (4, true, 5, 5, 'L', 'L5', '2024-06-27 07:54:55.000000', '2024-06-27 07:54:55.000000'),
       (4, true, 6, 6, 'L', 'L6', '2024-06-27 07:54:55.000000', '2024-06-27 07:54:55.000000'),
       (4, true, 7, 7, 'L', 'L7', '2024-06-27 07:54:55.000000', '2024-06-27 07:54:55.000000'),
       (4, true, 8, 8, 'L', 'L8', '2024-06-27 07:54:55.000000', '2024-06-27 07:54:55.000000'),
       (4, true, 9, 9, 'L', 'L9', '2024-06-27 07:54:55.000000', '2024-06-27 07:54:55.000000'),
       (4, true, 10, 10, 'L', 'L10', '2024-06-27 07:54:55.000000', '2024-06-27 07:54:55.000000'),
       (4, true, 11, 11, 'L', 'L11', '2024-06-27 07:54:55.000000', '2024-06-27 07:54:55.000000'),
       (4, true, 12, 12, 'L', 'L12', '2024-06-27 07:54:55.000000', '2024-06-27 07:54:55.000000'),
       (4, true, 13, 13, 'L', 'L13', '2024-06-27 07:54:55.000000', '2024-06-27 07:54:55.000000');

INSERT INTO capstone.seat (hall_id, is_active, seat_column, seat_number, seat_row, seat_code, created_at,
                           updated_at)
VALUES (5, true, 1, 1, 'A', 'A1', '2024-06-27 07:54:55.000000', '2024-06-27 07:54:55.000000'),
       (5, true, 2, 2, 'A', 'A2', '2024-06-27 07:54:55.000000', '2024-10-15 20:39:38.310515'),
       (5, true, 3, 3, 'A', 'A3', '2024-06-27 07:54:55.000000', '2024-06-27 07:54:55.000000'),
       (5, true, 4, 4, 'A', 'A4', '2024-06-27 07:54:55.000000', '2024-06-27 07:54:55.000000'),
       (5, true, 5, 5, 'A', 'A5', '2024-06-27 07:54:55.000000', '2024-06-27 07:54:55.000000'),
       (5, true, 6, 6, 'A', 'A6', '2024-06-27 07:54:55.000000', '2024-06-27 07:54:55.000000'),
       (5, true, 7, 7, 'A', 'A7', '2024-06-27 07:54:55.000000', '2024-06-27 07:54:55.000000'),
       (5, true, 8, 8, 'A', 'A8', '2024-06-27 07:54:55.000000', '2024-06-27 07:54:55.000000'),
       (5, true, 9, 9, 'A', 'A9', '2024-06-27 07:54:55.000000', '2024-06-27 07:54:55.000000'),
       (5, true, 10, 10, 'A', 'A10', '2024-06-27 07:54:55.000000', '2024-06-27 07:54:55.000000'),
       (5, true, 11, 11, 'A', 'A11', '2024-06-27 07:54:55.000000', '2024-06-27 07:54:55.000000'),
       (5, true, 12, 12, 'A', 'A12', '2024-06-27 07:54:55.000000', '2024-06-27 07:54:55.000000'),
       (5, true, 13, 13, 'A', 'A13', '2024-06-27 07:54:55.000000', '2024-06-27 07:54:55.000000'),
       (5, true, 1, 1, 'B', 'B1', '2024-06-27 07:54:55.000000', '2024-06-27 07:54:55.000000'),
       (5, true, 2, 2, 'B', 'B2', '2024-06-27 07:54:55.000000', '2024-06-27 07:54:55.000000'),
       (5, true, 3, 3, 'B', 'B3', '2024-06-27 07:54:55.000000', '2024-06-27 07:54:55.000000'),
       (5, true, 4, 4, 'B', 'B4', '2024-06-27 07:54:55.000000', '2024-06-27 07:54:55.000000'),
       (5, true, 5, 5, 'B', 'B5', '2024-06-27 07:54:55.000000', '2024-06-27 07:54:55.000000'),
       (5, true, 6, 6, 'B', 'B6', '2024-06-27 07:54:55.000000', '2024-06-27 07:54:55.000000'),
       (5, true, 7, 7, 'B', 'B7', '2024-06-27 07:54:55.000000', '2024-06-27 07:54:55.000000'),
       (5, true, 8, 8, 'B', 'B8', '2024-06-27 07:54:55.000000', '2024-06-27 07:54:55.000000'),
       (5, true, 9, 9, 'B', 'B9', '2024-06-27 07:54:55.000000', '2024-06-27 07:54:55.000000'),
       (5, true, 10, 10, 'B', 'B10', '2024-06-27 07:54:55.000000', '2024-06-27 07:54:55.000000'),
       (5, true, 11, 11, 'B', 'B11', '2024-06-27 07:54:55.000000', '2024-06-27 07:54:55.000000'),
       (5, true, 12, 12, 'B', 'B12', '2024-06-27 07:54:55.000000', '2024-06-27 07:54:55.000000'),
       (5, true, 13, 13, 'B', 'B13', '2024-06-27 07:54:55.000000', '2024-06-27 07:54:55.000000'),
       (5, true, 1, 1, 'C', 'C1', '2024-06-27 07:54:55.000000', '2024-06-27 07:54:55.000000'),
       (5, true, 2, 2, 'C', 'C2', '2024-06-27 07:54:55.000000', '2024-06-27 07:54:55.000000'),
       (5, true, 3, 3, 'C', 'C3', '2024-06-27 07:54:55.000000', '2024-06-27 07:54:55.000000'),
       (5, true, 4, 4, 'C', 'C4', '2024-06-27 07:54:55.000000', '2024-06-27 07:54:55.000000'),
       (5, true, 5, 5, 'C', 'C5', '2024-06-27 07:54:55.000000', '2024-06-27 07:54:55.000000'),
       (5, true, 6, 6, 'C', 'C6', '2024-06-27 07:54:55.000000', '2024-06-27 07:54:55.000000'),
       (5, true, 7, 7, 'C', 'C7', '2024-06-27 07:54:55.000000', '2024-06-27 07:54:55.000000'),
       (5, true, 8, 8, 'C', 'C8', '2024-06-27 07:54:55.000000', '2024-06-27 07:54:55.000000'),
       (5, true, 9, 9, 'C', 'C9', '2024-06-27 07:54:55.000000', '2024-06-27 07:54:55.000000'),
       (5, true, 10, 10, 'C', 'C10', '2024-06-27 07:54:55.000000', '2024-06-27 07:54:55.000000'),
       (5, true, 11, 11, 'C', 'C11', '2024-06-27 07:54:55.000000', '2024-06-27 07:54:55.000000'),
       (5, true, 12, 12, 'C', 'C12', '2024-06-27 07:54:55.000000', '2024-06-27 07:54:55.000000'),
       (5, true, 13, 13, 'C', 'C13', '2024-06-27 07:54:55.000000', '2024-06-27 07:54:55.000000'),
       (5, true, 1, 1, 'D', 'D1', '2024-06-27 07:54:55.000000', '2024-06-27 07:54:55.000000'),
       (5, true, 2, 2, 'D', 'D2', '2024-06-27 07:54:55.000000', '2024-06-27 07:54:55.000000'),
       (5, true, 3, 3, 'D', 'D3', '2024-06-27 07:54:55.000000', '2024-06-27 07:54:55.000000'),
       (5, true, 4, 4, 'D', 'D4', '2024-06-27 07:54:55.000000', '2024-06-27 07:54:55.000000'),
       (5, true, 5, 5, 'D', 'D5', '2024-06-27 07:54:55.000000', '2024-06-27 07:54:55.000000'),
       (5, true, 6, 6, 'D', 'D6', '2024-06-27 07:54:55.000000', '2024-06-27 07:54:55.000000'),
       (5, true, 7, 7, 'D', 'D7', '2024-06-27 07:54:55.000000', '2024-06-27 07:54:55.000000'),
       (5, true, 8, 8, 'D', 'D8', '2024-06-27 07:54:55.000000', '2024-06-27 07:54:55.000000'),
       (5, true, 9, 9, 'D', 'D9', '2024-06-27 07:54:55.000000', '2024-06-27 07:54:55.000000'),
       (5, true, 10, 10, 'D', 'D10', '2024-06-27 07:54:55.000000', '2024-06-27 07:54:55.000000'),
       (5, true, 11, 11, 'D', 'D11', '2024-06-27 07:54:55.000000', '2024-06-27 07:54:55.000000'),
       (5, true, 12, 12, 'D', 'D12', '2024-06-27 07:54:55.000000', '2024-06-27 07:54:55.000000'),
       (5, true, 13, 13, 'D', 'D13', '2024-06-27 07:54:55.000000', '2024-06-27 07:54:55.000000'),
       (5, true, 1, 1, 'E', 'E1', '2024-06-27 07:54:55.000000', '2024-06-27 07:54:55.000000'),
       (5, true, 2, 2, 'E', 'E2', '2024-06-27 07:54:55.000000', '2024-06-27 07:54:55.000000'),
       (5, true, 3, 3, 'E', 'E3', '2024-06-27 07:54:55.000000', '2024-06-27 07:54:55.000000'),
       (5, true, 4, 4, 'E', 'E4', '2024-06-27 07:54:55.000000', '2024-06-27 07:54:55.000000'),
       (5, true, 5, 5, 'E', 'E5', '2024-06-27 07:54:55.000000', '2024-06-27 07:54:55.000000'),
       (5, true, 6, 6, 'E', 'E6', '2024-06-27 07:54:55.000000', '2024-06-27 07:54:55.000000'),
       (5, true, 7, 7, 'E', 'E7', '2024-06-27 07:54:55.000000', '2024-06-27 07:54:55.000000'),
       (5, true, 8, 8, 'E', 'E8', '2024-06-27 07:54:55.000000', '2024-06-27 07:54:55.000000'),
       (5, true, 9, 9, 'E', 'E9', '2024-06-27 07:54:55.000000', '2024-06-27 07:54:55.000000'),
       (5, true, 10, 10, 'E', 'E10', '2024-06-27 07:54:55.000000', '2024-06-27 07:54:55.000000'),
       (5, true, 11, 11, 'E', 'E11', '2024-06-27 07:54:55.000000', '2024-06-27 07:54:55.000000'),
       (5, true, 12, 12, 'E', 'E12', '2024-06-27 07:54:55.000000', '2024-06-27 07:54:55.000000'),
       (5, true, 13, 13, 'E', 'E13', '2024-06-27 07:54:55.000000', '2024-06-27 07:54:55.000000'),
       (5, true, 1, 1, 'F', 'F1', '2024-06-27 07:54:55.000000', '2024-06-27 07:54:55.000000'),
       (5, true, 2, 2, 'F', 'F2', '2024-06-27 07:54:55.000000', '2024-06-27 07:54:55.000000'),
       (5, true, 3, 3, 'F', 'F3', '2024-06-27 07:54:55.000000', '2024-06-27 07:54:55.000000'),
       (5, true, 4, 4, 'F', 'F4', '2024-06-27 07:54:55.000000', '2024-06-27 07:54:55.000000'),
       (5, true, 5, 5, 'F', 'F5', '2024-06-27 07:54:55.000000', '2024-06-27 07:54:55.000000'),
       (5, true, 6, 6, 'F', 'F6', '2024-06-27 07:54:55.000000', '2024-06-27 07:54:55.000000'),
       (5, true, 7, 7, 'F', 'F7', '2024-06-27 07:54:55.000000', '2024-06-27 07:54:55.000000'),
       (5, true, 8, 8, 'F', 'F8', '2024-06-27 07:54:55.000000', '2024-06-27 07:54:55.000000'),
       (5, true, 9, 9, 'F', 'F9', '2024-06-27 07:54:55.000000', '2024-06-27 07:54:55.000000'),
       (5, true, 10, 10, 'F', 'F10', '2024-06-27 07:54:55.000000', '2024-06-27 07:54:55.000000'),
       (5, true, 11, 11, 'F', 'F11', '2024-06-27 07:54:55.000000', '2024-06-27 07:54:55.000000'),
       (5, true, 12, 12, 'F', 'F12', '2024-06-27 07:54:55.000000', '2024-06-27 07:54:55.000000'),
       (5, true, 13, 13, 'F', 'F13', '2024-06-27 07:54:55.000000', '2024-06-27 07:54:55.000000'),
       (5, true, 1, 1, 'G', 'G1', '2024-06-27 07:54:55.000000', '2024-06-27 07:54:55.000000'),
       (5, true, 2, 2, 'G', 'G2', '2024-06-27 07:54:55.000000', '2024-06-27 07:54:55.000000'),
       (5, true, 3, 3, 'G', 'G3', '2024-06-27 07:54:55.000000', '2024-06-27 07:54:55.000000'),
       (5, true, 4, 4, 'G', 'G4', '2024-06-27 07:54:55.000000', '2024-06-27 07:54:55.000000'),
       (5, true, 5, 5, 'G', 'G5', '2024-06-27 07:54:55.000000', '2024-06-27 07:54:55.000000'),
       (5, true, 6, 6, 'G', 'G6', '2024-06-27 07:54:55.000000', '2024-06-27 07:54:55.000000'),
       (5, true, 7, 7, 'G', 'G7', '2024-06-27 07:54:55.000000', '2024-06-27 07:54:55.000000'),
       (5, true, 8, 8, 'G', 'G8', '2024-06-27 07:54:55.000000', '2024-06-27 07:54:55.000000'),
       (5, true, 9, 9, 'G', 'G9', '2024-06-27 07:54:55.000000', '2024-06-27 07:54:55.000000'),
       (5, true, 10, 10, 'G', 'G10', '2024-06-27 07:54:55.000000', '2024-06-27 07:54:55.000000'),
       (5, true, 11, 11, 'G', 'G11', '2024-06-27 07:54:55.000000', '2024-06-27 07:54:55.000000'),
       (5, true, 12, 12, 'G', 'G12', '2024-06-27 07:54:55.000000', '2024-06-27 07:54:55.000000'),
       (5, true, 13, 13, 'G', 'G13', '2024-06-27 07:54:55.000000', '2024-06-27 07:54:55.000000'),
       (5, true, 1, 1, 'H', 'H1', '2024-06-27 07:54:55.000000', '2024-06-27 07:54:55.000000'),
       (5, true, 2, 2, 'H', 'H2', '2024-06-27 07:54:55.000000', '2024-06-27 07:54:55.000000'),
       (5, true, 3, 3, 'H', 'H3', '2024-06-27 07:54:55.000000', '2024-06-27 07:54:55.000000'),
       (5, true, 4, 4, 'H', 'H4', '2024-06-27 07:54:55.000000', '2024-06-27 07:54:55.000000'),
       (5, true, 5, 5, 'H', 'H5', '2024-06-27 07:54:55.000000', '2024-06-27 07:54:55.000000'),
       (5, true, 6, 6, 'H', 'H6', '2024-06-27 07:54:55.000000', '2024-06-27 07:54:55.000000'),
       (5, true, 7, 7, 'H', 'H7', '2024-06-27 07:54:55.000000', '2024-06-27 07:54:55.000000'),
       (5, true, 8, 8, 'H', 'H8', '2024-06-27 07:54:55.000000', '2024-06-27 07:54:55.000000'),
       (5, true, 9, 9, 'H', 'H9', '2024-06-27 07:54:55.000000', '2024-06-27 07:54:55.000000'),
       (5, true, 10, 10, 'H', 'H10', '2024-06-27 07:54:55.000000', '2024-06-27 07:54:55.000000'),
       (5, true, 11, 11, 'H', 'H11', '2024-06-27 07:54:55.000000', '2024-06-27 07:54:55.000000'),
       (5, true, 12, 12, 'H', 'H12', '2024-06-27 07:54:55.000000', '2024-06-27 07:54:55.000000'),
       (5, true, 13, 13, 'H', 'H13', '2024-06-27 07:54:55.000000', '2024-06-27 07:54:55.000000'),
       (5, true, 1, 1, 'I', 'I1', '2024-06-27 07:54:55.000000', '2024-06-27 07:54:55.000000'),
       (5, true, 2, 2, 'I', 'I2', '2024-06-27 07:54:55.000000', '2024-06-27 07:54:55.000000'),
       (5, true, 3, 3, 'I', 'I3', '2024-06-27 07:54:55.000000', '2024-06-27 07:54:55.000000'),
       (5, true, 4, 4, 'I', 'I4', '2024-06-27 07:54:55.000000', '2024-06-27 07:54:55.000000'),
       (5, true, 5, 5, 'I', 'I5', '2024-06-27 07:54:55.000000', '2024-06-27 07:54:55.000000'),
       (5, true, 6, 6, 'I', 'I6', '2024-06-27 07:54:55.000000', '2024-06-27 07:54:55.000000'),
       (5, true, 7, 7, 'I', 'I7', '2024-06-27 07:54:55.000000', '2024-06-27 07:54:55.000000'),
       (5, true, 8, 8, 'I', 'I8', '2024-06-27 07:54:55.000000', '2024-06-27 07:54:55.000000'),
       (5, true, 9, 9, 'I', 'I9', '2024-06-27 07:54:55.000000', '2024-06-27 07:54:55.000000'),
       (5, true, 10, 10, 'I', 'I10', '2024-06-27 07:54:55.000000', '2024-06-27 07:54:55.000000'),
       (5, true, 11, 11, 'I', 'I11', '2024-06-27 07:54:55.000000', '2024-06-27 07:54:55.000000'),
       (5, true, 12, 12, 'I', 'I12', '2024-06-27 07:54:55.000000', '2024-06-27 07:54:55.000000'),
       (5, true, 13, 13, 'I', 'I13', '2024-06-27 07:54:55.000000', '2024-06-27 07:54:55.000000'),
       (5, true, 1, 1, 'J', 'J1', '2024-06-27 07:54:55.000000', '2024-06-27 07:54:55.000000'),
       (5, true, 2, 2, 'J', 'J2', '2024-06-27 07:54:55.000000', '2024-06-27 07:54:55.000000'),
       (5, true, 3, 3, 'J', 'J3', '2024-06-27 07:54:55.000000', '2024-06-27 07:54:55.000000'),
       (5, true, 4, 4, 'J', 'J4', '2024-06-27 07:54:55.000000', '2024-06-27 07:54:55.000000'),
       (5, true, 5, 5, 'J', 'J5', '2024-06-27 07:54:55.000000', '2024-06-27 07:54:55.000000'),
       (5, true, 6, 6, 'J', 'J6', '2024-06-27 07:54:55.000000', '2024-06-27 07:54:55.000000'),
       (5, true, 7, 7, 'J', 'J7', '2024-06-27 07:54:55.000000', '2024-06-27 07:54:55.000000'),
       (5, true, 8, 8, 'J', 'J8', '2024-06-27 07:54:55.000000', '2024-06-27 07:54:55.000000'),
       (5, true, 9, 9, 'J', 'J9', '2024-06-27 07:54:55.000000', '2024-06-27 07:54:55.000000'),
       (5, true, 10, 10, 'J', 'J10', '2024-06-27 07:54:55.000000', '2024-06-27 07:54:55.000000'),
       (5, true, 11, 11, 'J', 'J11', '2024-06-27 07:54:55.000000', '2024-06-27 07:54:55.000000'),
       (5, true, 12, 12, 'J', 'J12', '2024-06-27 07:54:55.000000', '2024-06-27 07:54:55.000000'),
       (5, true, 13, 13, 'J', 'J13', '2024-06-27 07:54:55.000000', '2024-06-27 07:54:55.000000'),
       (5, true, 1, 1, 'K', 'K1', '2024-06-27 07:54:55.000000', '2024-06-27 07:54:55.000000'),
       (5, true, 2, 2, 'K', 'K2', '2024-06-27 07:54:55.000000', '2024-06-27 07:54:55.000000'),
       (5, true, 3, 3, 'K', 'K3', '2024-06-27 07:54:55.000000', '2024-06-27 07:54:55.000000'),
       (5, true, 4, 4, 'K', 'K4', '2024-06-27 07:54:55.000000', '2024-06-27 07:54:55.000000'),
       (5, true, 5, 5, 'K', 'K5', '2024-06-27 07:54:55.000000', '2024-06-27 07:54:55.000000'),
       (5, true, 6, 6, 'K', 'K6', '2024-06-27 07:54:55.000000', '2024-06-27 07:54:55.000000'),
       (5, true, 7, 7, 'K', 'K7', '2024-06-27 07:54:55.000000', '2024-06-27 07:54:55.000000'),
       (5, true, 8, 8, 'K', 'K8', '2024-06-27 07:54:55.000000', '2024-06-27 07:54:55.000000'),
       (5, true, 9, 9, 'K', 'K9', '2024-06-27 07:54:55.000000', '2024-06-27 07:54:55.000000'),
       (5, true, 10, 10, 'K', 'K10', '2024-06-27 07:54:55.000000', '2024-06-27 07:54:55.000000'),
       (5, true, 11, 11, 'K', 'K11', '2024-06-27 07:54:55.000000', '2024-06-27 07:54:55.000000'),
       (5, true, 12, 12, 'K', 'K12', '2024-06-27 07:54:55.000000', '2024-06-27 07:54:55.000000'),
       (5, true, 13, 13, 'K', 'K13', '2024-06-27 07:54:55.000000', '2024-06-27 07:54:55.000000'),
       (5, true, 1, 1, 'L', 'L1', '2024-06-27 07:54:55.000000', '2024-06-27 07:54:55.000000'),
       (5, true, 2, 2, 'L', 'L2', '2024-06-27 07:54:55.000000', '2024-06-27 07:54:55.000000'),
       (5, true, 3, 3, 'L', 'L3', '2024-06-27 07:54:55.000000', '2024-06-27 07:54:55.000000'),
       (5, true, 4, 4, 'L', 'L4', '2024-06-27 07:54:55.000000', '2024-06-27 07:54:55.000000'),
       (5, true, 5, 5, 'L', 'L5', '2024-06-27 07:54:55.000000', '2024-06-27 07:54:55.000000'),
       (5, true, 6, 6, 'L', 'L6', '2024-06-27 07:54:55.000000', '2024-06-27 07:54:55.000000'),
       (5, true, 7, 7, 'L', 'L7', '2024-06-27 07:54:55.000000', '2024-06-27 07:54:55.000000'),
       (5, true, 8, 8, 'L', 'L8', '2024-06-27 07:54:55.000000', '2024-06-27 07:54:55.000000'),
       (5, true, 9, 9, 'L', 'L9', '2024-06-27 07:54:55.000000', '2024-06-27 07:54:55.000000'),
       (5, true, 10, 10, 'L', 'L10', '2024-06-27 07:54:55.000000', '2024-06-27 07:54:55.000000'),
       (5, true, 11, 11, 'L', 'L11', '2024-06-27 07:54:55.000000', '2024-06-27 07:54:55.000000'),
       (5, true, 12, 12, 'L', 'L12', '2024-06-27 07:54:55.000000', '2024-06-27 07:54:55.000000'),
       (5, true, 13, 13, 'L', 'L13', '2024-06-27 07:54:55.000000', '2024-06-27 07:54:55.000000');

INSERT INTO capstone.seat (hall_id, is_active, seat_column, seat_number, seat_row, seat_code, created_at,
                           updated_at)
VALUES (6, true, 1, 1, 'A', 'A1', '2024-06-27 07:54:55.000000', '2024-06-27 07:54:55.000000'),
       (6, true, 2, 2, 'A', 'A2', '2024-06-27 07:54:55.000000', '2024-10-15 20:39:38.310515'),
       (6, true, 3, 3, 'A', 'A3', '2024-06-27 07:54:55.000000', '2024-06-27 07:54:55.000000'),
       (6, true, 4, 4, 'A', 'A4', '2024-06-27 07:54:55.000000', '2024-06-27 07:54:55.000000'),
       (6, true, 5, 5, 'A', 'A5', '2024-06-27 07:54:55.000000', '2024-06-27 07:54:55.000000'),
       (6, true, 6, 6, 'A', 'A6', '2024-06-27 07:54:55.000000', '2024-06-27 07:54:55.000000'),
       (6, true, 7, 7, 'A', 'A7', '2024-06-27 07:54:55.000000', '2024-06-27 07:54:55.000000'),
       (6, true, 8, 8, 'A', 'A8', '2024-06-27 07:54:55.000000', '2024-06-27 07:54:55.000000'),
       (6, true, 9, 9, 'A', 'A9', '2024-06-27 07:54:55.000000', '2024-06-27 07:54:55.000000'),
       (6, true, 10, 10, 'A', 'A10', '2024-06-27 07:54:55.000000', '2024-06-27 07:54:55.000000'),
       (6, true, 11, 11, 'A', 'A11', '2024-06-27 07:54:55.000000', '2024-06-27 07:54:55.000000'),
       (6, true, 12, 12, 'A', 'A12', '2024-06-27 07:54:55.000000', '2024-06-27 07:54:55.000000'),
       (6, true, 13, 13, 'A', 'A13', '2024-06-27 07:54:55.000000', '2024-06-27 07:54:55.000000'),
       (6, true, 1, 1, 'B', 'B1', '2024-06-27 07:54:55.000000', '2024-06-27 07:54:55.000000'),
       (6, true, 2, 2, 'B', 'B2', '2024-06-27 07:54:55.000000', '2024-06-27 07:54:55.000000'),
       (6, true, 3, 3, 'B', 'B3', '2024-06-27 07:54:55.000000', '2024-06-27 07:54:55.000000'),
       (6, true, 4, 4, 'B', 'B4', '2024-06-27 07:54:55.000000', '2024-06-27 07:54:55.000000'),
       (6, true, 5, 5, 'B', 'B5', '2024-06-27 07:54:55.000000', '2024-06-27 07:54:55.000000'),
       (6, true, 6, 6, 'B', 'B6', '2024-06-27 07:54:55.000000', '2024-06-27 07:54:55.000000'),
       (6, true, 7, 7, 'B', 'B7', '2024-06-27 07:54:55.000000', '2024-06-27 07:54:55.000000'),
       (6, true, 8, 8, 'B', 'B8', '2024-06-27 07:54:55.000000', '2024-06-27 07:54:55.000000'),
       (6, true, 9, 9, 'B', 'B9', '2024-06-27 07:54:55.000000', '2024-06-27 07:54:55.000000'),
       (6, true, 10, 10, 'B', 'B10', '2024-06-27 07:54:55.000000', '2024-06-27 07:54:55.000000'),
       (6, true, 11, 11, 'B', 'B11', '2024-06-27 07:54:55.000000', '2024-06-27 07:54:55.000000'),
       (6, true, 12, 12, 'B', 'B12', '2024-06-27 07:54:55.000000', '2024-06-27 07:54:55.000000'),
       (6, true, 13, 13, 'B', 'B13', '2024-06-27 07:54:55.000000', '2024-06-27 07:54:55.000000'),
       (6, true, 1, 1, 'C', 'C1', '2024-06-27 07:54:55.000000', '2024-06-27 07:54:55.000000'),
       (6, true, 2, 2, 'C', 'C2', '2024-06-27 07:54:55.000000', '2024-06-27 07:54:55.000000'),
       (6, true, 3, 3, 'C', 'C3', '2024-06-27 07:54:55.000000', '2024-06-27 07:54:55.000000'),
       (6, true, 4, 4, 'C', 'C4', '2024-06-27 07:54:55.000000', '2024-06-27 07:54:55.000000'),
       (6, true, 5, 5, 'C', 'C5', '2024-06-27 07:54:55.000000', '2024-06-27 07:54:55.000000'),
       (6, true, 6, 6, 'C', 'C6', '2024-06-27 07:54:55.000000', '2024-06-27 07:54:55.000000'),
       (6, true, 7, 7, 'C', 'C7', '2024-06-27 07:54:55.000000', '2024-06-27 07:54:55.000000'),
       (6, true, 8, 8, 'C', 'C8', '2024-06-27 07:54:55.000000', '2024-06-27 07:54:55.000000'),
       (6, true, 9, 9, 'C', 'C9', '2024-06-27 07:54:55.000000', '2024-06-27 07:54:55.000000'),
       (6, true, 10, 10, 'C', 'C10', '2024-06-27 07:54:55.000000', '2024-06-27 07:54:55.000000'),
       (6, true, 11, 11, 'C', 'C11', '2024-06-27 07:54:55.000000', '2024-06-27 07:54:55.000000'),
       (6, true, 12, 12, 'C', 'C12', '2024-06-27 07:54:55.000000', '2024-06-27 07:54:55.000000'),
       (6, true, 13, 13, 'C', 'C13', '2024-06-27 07:54:55.000000', '2024-06-27 07:54:55.000000'),
       (6, true, 1, 1, 'D', 'D1', '2024-06-27 07:54:55.000000', '2024-06-27 07:54:55.000000'),
       (6, true, 2, 2, 'D', 'D2', '2024-06-27 07:54:55.000000', '2024-06-27 07:54:55.000000'),
       (6, true, 3, 3, 'D', 'D3', '2024-06-27 07:54:55.000000', '2024-06-27 07:54:55.000000'),
       (6, true, 4, 4, 'D', 'D4', '2024-06-27 07:54:55.000000', '2024-06-27 07:54:55.000000'),
       (6, true, 5, 5, 'D', 'D5', '2024-06-27 07:54:55.000000', '2024-06-27 07:54:55.000000'),
       (6, true, 6, 6, 'D', 'D6', '2024-06-27 07:54:55.000000', '2024-06-27 07:54:55.000000'),
       (6, true, 7, 7, 'D', 'D7', '2024-06-27 07:54:55.000000', '2024-06-27 07:54:55.000000'),
       (6, true, 8, 8, 'D', 'D8', '2024-06-27 07:54:55.000000', '2024-06-27 07:54:55.000000'),
       (6, true, 9, 9, 'D', 'D9', '2024-06-27 07:54:55.000000', '2024-06-27 07:54:55.000000'),
       (6, true, 10, 10, 'D', 'D10', '2024-06-27 07:54:55.000000', '2024-06-27 07:54:55.000000'),
       (6, true, 11, 11, 'D', 'D11', '2024-06-27 07:54:55.000000', '2024-06-27 07:54:55.000000'),
       (6, true, 12, 12, 'D', 'D12', '2024-06-27 07:54:55.000000', '2024-06-27 07:54:55.000000'),
       (6, true, 13, 13, 'D', 'D13', '2024-06-27 07:54:55.000000', '2024-06-27 07:54:55.000000'),
       (6, true, 1, 1, 'E', 'E1', '2024-06-27 07:54:55.000000', '2024-06-27 07:54:55.000000'),
       (6, true, 2, 2, 'E', 'E2', '2024-06-27 07:54:55.000000', '2024-06-27 07:54:55.000000'),
       (6, true, 3, 3, 'E', 'E3', '2024-06-27 07:54:55.000000', '2024-06-27 07:54:55.000000'),
       (6, true, 4, 4, 'E', 'E4', '2024-06-27 07:54:55.000000', '2024-06-27 07:54:55.000000'),
       (6, true, 5, 5, 'E', 'E5', '2024-06-27 07:54:55.000000', '2024-06-27 07:54:55.000000'),
       (6, true, 6, 6, 'E', 'E6', '2024-06-27 07:54:55.000000', '2024-06-27 07:54:55.000000'),
       (6, true, 7, 7, 'E', 'E7', '2024-06-27 07:54:55.000000', '2024-06-27 07:54:55.000000'),
       (6, true, 8, 8, 'E', 'E8', '2024-06-27 07:54:55.000000', '2024-06-27 07:54:55.000000'),
       (6, true, 9, 9, 'E', 'E9', '2024-06-27 07:54:55.000000', '2024-06-27 07:54:55.000000'),
       (6, true, 10, 10, 'E', 'E10', '2024-06-27 07:54:55.000000', '2024-06-27 07:54:55.000000'),
       (6, true, 11, 11, 'E', 'E11', '2024-06-27 07:54:55.000000', '2024-06-27 07:54:55.000000'),
       (6, true, 12, 12, 'E', 'E12', '2024-06-27 07:54:55.000000', '2024-06-27 07:54:55.000000'),
       (6, true, 13, 13, 'E', 'E13', '2024-06-27 07:54:55.000000', '2024-06-27 07:54:55.000000'),
       (6, true, 1, 1, 'F', 'F1', '2024-06-27 07:54:55.000000', '2024-06-27 07:54:55.000000'),
       (6, true, 2, 2, 'F', 'F2', '2024-06-27 07:54:55.000000', '2024-06-27 07:54:55.000000'),
       (6, true, 3, 3, 'F', 'F3', '2024-06-27 07:54:55.000000', '2024-06-27 07:54:55.000000'),
       (6, true, 4, 4, 'F', 'F4', '2024-06-27 07:54:55.000000', '2024-06-27 07:54:55.000000'),
       (6, true, 5, 5, 'F', 'F5', '2024-06-27 07:54:55.000000', '2024-06-27 07:54:55.000000'),
       (6, true, 6, 6, 'F', 'F6', '2024-06-27 07:54:55.000000', '2024-06-27 07:54:55.000000'),
       (6, true, 7, 7, 'F', 'F7', '2024-06-27 07:54:55.000000', '2024-06-27 07:54:55.000000'),
       (6, true, 8, 8, 'F', 'F8', '2024-06-27 07:54:55.000000', '2024-06-27 07:54:55.000000'),
       (6, true, 9, 9, 'F', 'F9', '2024-06-27 07:54:55.000000', '2024-06-27 07:54:55.000000'),
       (6, true, 10, 10, 'F', 'F10', '2024-06-27 07:54:55.000000', '2024-06-27 07:54:55.000000'),
       (6, true, 11, 11, 'F', 'F11', '2024-06-27 07:54:55.000000', '2024-06-27 07:54:55.000000'),
       (6, true, 12, 12, 'F', 'F12', '2024-06-27 07:54:55.000000', '2024-06-27 07:54:55.000000'),
       (6, true, 13, 13, 'F', 'F13', '2024-06-27 07:54:55.000000', '2024-06-27 07:54:55.000000'),
       (6, true, 1, 1, 'G', 'G1', '2024-06-27 07:54:55.000000', '2024-06-27 07:54:55.000000'),
       (6, true, 2, 2, 'G', 'G2', '2024-06-27 07:54:55.000000', '2024-06-27 07:54:55.000000'),
       (6, true, 3, 3, 'G', 'G3', '2024-06-27 07:54:55.000000', '2024-06-27 07:54:55.000000'),
       (6, true, 4, 4, 'G', 'G4', '2024-06-27 07:54:55.000000', '2024-06-27 07:54:55.000000'),
       (6, true, 5, 5, 'G', 'G5', '2024-06-27 07:54:55.000000', '2024-06-27 07:54:55.000000'),
       (6, true, 6, 6, 'G', 'G6', '2024-06-27 07:54:55.000000', '2024-06-27 07:54:55.000000'),
       (6, true, 7, 7, 'G', 'G7', '2024-06-27 07:54:55.000000', '2024-06-27 07:54:55.000000'),
       (6, true, 8, 8, 'G', 'G8', '2024-06-27 07:54:55.000000', '2024-06-27 07:54:55.000000'),
       (6, true, 9, 9, 'G', 'G9', '2024-06-27 07:54:55.000000', '2024-06-27 07:54:55.000000'),
       (6, true, 10, 10, 'G', 'G10', '2024-06-27 07:54:55.000000', '2024-06-27 07:54:55.000000'),
       (6, true, 11, 11, 'G', 'G11', '2024-06-27 07:54:55.000000', '2024-06-27 07:54:55.000000'),
       (6, true, 12, 12, 'G', 'G12', '2024-06-27 07:54:55.000000', '2024-06-27 07:54:55.000000'),
       (6, true, 13, 13, 'G', 'G13', '2024-06-27 07:54:55.000000', '2024-06-27 07:54:55.000000'),
       (6, true, 1, 1, 'H', 'H1', '2024-06-27 07:54:55.000000', '2024-06-27 07:54:55.000000'),
       (6, true, 2, 2, 'H', 'H2', '2024-06-27 07:54:55.000000', '2024-06-27 07:54:55.000000'),
       (6, true, 3, 3, 'H', 'H3', '2024-06-27 07:54:55.000000', '2024-06-27 07:54:55.000000'),
       (6, true, 4, 4, 'H', 'H4', '2024-06-27 07:54:55.000000', '2024-06-27 07:54:55.000000'),
       (6, true, 5, 5, 'H', 'H5', '2024-06-27 07:54:55.000000', '2024-06-27 07:54:55.000000'),
       (6, true, 6, 6, 'H', 'H6', '2024-06-27 07:54:55.000000', '2024-06-27 07:54:55.000000'),
       (6, true, 7, 7, 'H', 'H7', '2024-06-27 07:54:55.000000', '2024-06-27 07:54:55.000000'),
       (6, true, 8, 8, 'H', 'H8', '2024-06-27 07:54:55.000000', '2024-06-27 07:54:55.000000'),
       (6, true, 9, 9, 'H', 'H9', '2024-06-27 07:54:55.000000', '2024-06-27 07:54:55.000000'),
       (6, true, 10, 10, 'H', 'H10', '2024-06-27 07:54:55.000000', '2024-06-27 07:54:55.000000'),
       (6, true, 11, 11, 'H', 'H11', '2024-06-27 07:54:55.000000', '2024-06-27 07:54:55.000000'),
       (6, true, 12, 12, 'H', 'H12', '2024-06-27 07:54:55.000000', '2024-06-27 07:54:55.000000'),
       (6, true, 13, 13, 'H', 'H13', '2024-06-27 07:54:55.000000', '2024-06-27 07:54:55.000000'),
       (6, true, 1, 1, 'I', 'I1', '2024-06-27 07:54:55.000000', '2024-06-27 07:54:55.000000'),
       (6, true, 2, 2, 'I', 'I2', '2024-06-27 07:54:55.000000', '2024-06-27 07:54:55.000000'),
       (6, true, 3, 3, 'I', 'I3', '2024-06-27 07:54:55.000000', '2024-06-27 07:54:55.000000'),
       (6, true, 4, 4, 'I', 'I4', '2024-06-27 07:54:55.000000', '2024-06-27 07:54:55.000000'),
       (6, true, 5, 5, 'I', 'I5', '2024-06-27 07:54:55.000000', '2024-06-27 07:54:55.000000'),
       (6, true, 6, 6, 'I', 'I6', '2024-06-27 07:54:55.000000', '2024-06-27 07:54:55.000000'),
       (6, true, 7, 7, 'I', 'I7', '2024-06-27 07:54:55.000000', '2024-06-27 07:54:55.000000'),
       (6, true, 8, 8, 'I', 'I8', '2024-06-27 07:54:55.000000', '2024-06-27 07:54:55.000000'),
       (6, true, 9, 9, 'I', 'I9', '2024-06-27 07:54:55.000000', '2024-06-27 07:54:55.000000'),
       (6, true, 10, 10, 'I', 'I10', '2024-06-27 07:54:55.000000', '2024-06-27 07:54:55.000000'),
       (6, true, 11, 11, 'I', 'I11', '2024-06-27 07:54:55.000000', '2024-06-27 07:54:55.000000'),
       (6, true, 12, 12, 'I', 'I12', '2024-06-27 07:54:55.000000', '2024-06-27 07:54:55.000000'),
       (6, true, 13, 13, 'I', 'I13', '2024-06-27 07:54:55.000000', '2024-06-27 07:54:55.000000'),
       (6, true, 1, 1, 'J', 'J1', '2024-06-27 07:54:55.000000', '2024-06-27 07:54:55.000000'),
       (6, true, 2, 2, 'J', 'J2', '2024-06-27 07:54:55.000000', '2024-06-27 07:54:55.000000'),
       (6, true, 3, 3, 'J', 'J3', '2024-06-27 07:54:55.000000', '2024-06-27 07:54:55.000000'),
       (6, true, 4, 4, 'J', 'J4', '2024-06-27 07:54:55.000000', '2024-06-27 07:54:55.000000'),
       (6, true, 5, 5, 'J', 'J5', '2024-06-27 07:54:55.000000', '2024-06-27 07:54:55.000000'),
       (6, true, 6, 6, 'J', 'J6', '2024-06-27 07:54:55.000000', '2024-06-27 07:54:55.000000'),
       (6, true, 7, 7, 'J', 'J7', '2024-06-27 07:54:55.000000', '2024-06-27 07:54:55.000000'),
       (6, true, 8, 8, 'J', 'J8', '2024-06-27 07:54:55.000000', '2024-06-27 07:54:55.000000'),
       (6, true, 9, 9, 'J', 'J9', '2024-06-27 07:54:55.000000', '2024-06-27 07:54:55.000000'),
       (6, true, 10, 10, 'J', 'J10', '2024-06-27 07:54:55.000000', '2024-06-27 07:54:55.000000'),
       (6, true, 11, 11, 'J', 'J11', '2024-06-27 07:54:55.000000', '2024-06-27 07:54:55.000000'),
       (6, true, 12, 12, 'J', 'J12', '2024-06-27 07:54:55.000000', '2024-06-27 07:54:55.000000'),
       (6, true, 13, 13, 'J', 'J13', '2024-06-27 07:54:55.000000', '2024-06-27 07:54:55.000000'),
       (6, true, 1, 1, 'K', 'K1', '2024-06-27 07:54:55.000000', '2024-06-27 07:54:55.000000'),
       (6, true, 2, 2, 'K', 'K2', '2024-06-27 07:54:55.000000', '2024-06-27 07:54:55.000000'),
       (6, true, 3, 3, 'K', 'K3', '2024-06-27 07:54:55.000000', '2024-06-27 07:54:55.000000'),
       (6, true, 4, 4, 'K', 'K4', '2024-06-27 07:54:55.000000', '2024-06-27 07:54:55.000000'),
       (6, true, 5, 5, 'K', 'K5', '2024-06-27 07:54:55.000000', '2024-06-27 07:54:55.000000'),
       (6, true, 6, 6, 'K', 'K6', '2024-06-27 07:54:55.000000', '2024-06-27 07:54:55.000000'),
       (6, true, 7, 7, 'K', 'K7', '2024-06-27 07:54:55.000000', '2024-06-27 07:54:55.000000'),
       (6, true, 8, 8, 'K', 'K8', '2024-06-27 07:54:55.000000', '2024-06-27 07:54:55.000000'),
       (6, true, 9, 9, 'K', 'K9', '2024-06-27 07:54:55.000000', '2024-06-27 07:54:55.000000'),
       (6, true, 10, 10, 'K', 'K10', '2024-06-27 07:54:55.000000', '2024-06-27 07:54:55.000000'),
       (6, true, 11, 11, 'K', 'K11', '2024-06-27 07:54:55.000000', '2024-06-27 07:54:55.000000'),
       (6, true, 12, 12, 'K', 'K12', '2024-06-27 07:54:55.000000', '2024-06-27 07:54:55.000000'),
       (6, true, 13, 13, 'K', 'K13', '2024-06-27 07:54:55.000000', '2024-06-27 07:54:55.000000'),
       (6, true, 1, 1, 'L', 'L1', '2024-06-27 07:54:55.000000', '2024-06-27 07:54:55.000000'),
       (6, true, 2, 2, 'L', 'L2', '2024-06-27 07:54:55.000000', '2024-06-27 07:54:55.000000'),
       (6, true, 3, 3, 'L', 'L3', '2024-06-27 07:54:55.000000', '2024-06-27 07:54:55.000000'),
       (6, true, 4, 4, 'L', 'L4', '2024-06-27 07:54:55.000000', '2024-06-27 07:54:55.000000'),
       (6, true, 5, 5, 'L', 'L5', '2024-06-27 07:54:55.000000', '2024-06-27 07:54:55.000000'),
       (6, true, 6, 6, 'L', 'L6', '2024-06-27 07:54:55.000000', '2024-06-27 07:54:55.000000'),
       (6, true, 7, 7, 'L', 'L7', '2024-06-27 07:54:55.000000', '2024-06-27 07:54:55.000000'),
       (6, true, 8, 8, 'L', 'L8', '2024-06-27 07:54:55.000000', '2024-06-27 07:54:55.000000'),
       (6, true, 9, 9, 'L', 'L9', '2024-06-27 07:54:55.000000', '2024-06-27 07:54:55.000000'),
       (6, true, 10, 10, 'L', 'L10', '2024-06-27 07:54:55.000000', '2024-06-27 07:54:55.000000'),
       (6, true, 11, 11, 'L', 'L11', '2024-06-27 07:54:55.000000', '2024-06-27 07:54:55.000000'),
       (6, true, 12, 12, 'L', 'L12', '2024-06-27 07:54:55.000000', '2024-06-27 07:54:55.000000'),
       (6, true, 13, 13, 'L', 'L13', '2024-06-27 07:54:55.000000', '2024-06-27 07:54:55.000000');